0.5,10
1.5,20
2.5,30
3.5,40
4.5,50
5.5,60
6.5,70
7.5,80
8.5,90
9.5,100
10.5,110
11.5,120
12.5,130
13.5,140
14.5,150
15.5,160
16.5,170
17.5,180
18.5,190
19.5,200
20.5,210
21.5,220
22.5,230
23.5,240
24.5,250
25.5,260
26.5,270
27.5,280
28.5,290
29.5,300
30.5,310
31.5,320
32.5,330
33.5,340
34.5,350
35.5,360
36.5,370
37.5,380
38.5,390
39.5,400
40.5,410
41.5,420
42.5,430
43.5,440
44.5,450
45.5,460
46.5,470
47.5,480
48.5,490
49.5,500
50.5,500
51.5,500
52.5,500
53.5,500
54.5,500
55.5,500
56.5,500
57.5,500
58.5,500
59.5,500
60.5,500
61.5,500
62.5,500
63.5,500
64.5,500
65.5,500
66.5,500
67.5,500
68.5,500
69.5,500
70.5,500
71.5,500
72.5,500
73.5,500
74.5,500
75.5,500
76.5,500
77.5,500
78.5,500
79.5,500
80.5,500
81.5,500
82.5,500
83.5,500
84.5,500
85.5,500
86.5,500
87.5,500
88.5,500
89.5,500
90.5,500
91.5,500
92.5,500
93.5,500
94.5,500
95.5,500
96.5,500
97.5,500
98.5,500
99.5,500
100.5,500
101.5,500
102.5,500
103.5,500
104.5,500
105.5,500
106.5,500
107.5,500
108.5,500
109.5,500
110.5,500
111.5,500
112.5,500
113.5,500
114.5,500
115.5,500
116.5,500
117.5,500
118.5,500
119.5,500
120.5,500
121.5,500
122.5,500
123.5,500
124.5,500
125.5,500
126.5,500
127.5,500
128.5,500
129.5,500
130.5,500
131.5,500
132.5,500
133.5,500
134.5,500
135.5,500
136.5,500
137.5,500
138.5,500
139.5,500
140.5,500
141.5,500
142.5,500
143.5,500
144.5,500
145.5,500
146.5,500
147.5,500
148.5,500
149.5,500
150.5,500
151.5,500
152.5,500
153.5,500
154.5,500
155.5,500
156.5,500
157.5,500
158.5,500
159.5,500
160.5,500
161.5,500
162.5,500
163.5,500
164.5,500
165.5,500
166.5,500
167.5,500
168.5,500
169.5,500
170.5,500
171.5,500
172.5,500
173.5,500
174.5,500
175.5,500
176.5,500
177.5,500
178.5,500
179.5,500
180.5,500
181.5,500
182.5,500
183.5,500
184.5,500
185.5,500
186.5,500
187.5,500
188.5,500
189.5,500
190.5,500
191.5,500
192.5,500
193.5,500
194.5,500
195.5,500
196.5,500
197.5,500
198.5,500
199.5,500
200.5,500
201.5,500
202.5,500
203.5,500
204.5,500
205.5,500
206.5,500
207.5,500
208.5,500
209.5,500
210.5,500
211.5,500
212.5,500
213.5,500
214.5,500
215.5,500
216.5,500
217.5,500
218.5,500
219.5,500
220.5,500
221.5,500
222.5,500
223.5,500
224.5,500
225.5,500
226.5,500
227.5,500
228.5,500
229.5,500
230.5,500
231.5,500
232.5,500
233.5,500
234.5,500
235.5,500
236.5,500
237.5,500
238.5,500
239.5,500
240.5,500
241.5,500
242.5,500
243.5,500
244.5,500
245.5,500
246.5,500
247.5,500
248.5,500
249.5,500
250.5,500
251.5,500
252.5,500
253.5,500
254.5,500
255.5,500
256.5,500
257.5,500
258.5,500
259.5,500
260.5,500
261.5,500
262.5,500
263.5,500
264.5,500
265.5,500
266.5,500
267.5,500
268.5,500
269.5,500
270.5,500
271.5,500
272.5,500
273.5,500
274.5,500
275.5,500
276.5,500
277.5,500
278.5,500
279.5,500
280.5,500
281.5,500
282.5,500
283.5,500
284.5,500
285.5,500
286.5,500
287.5,500
288.5,500
289.5,500
290.5,500
291.5,500
292.5,500
293.5,500
294.5,500
295.5,500
296.5,500
297.5,500
298.5,500
299.5,500
300.5,500
301.5,500
302.5,500
303.5,500
304.5,500
305.5,500
306.5,500
307.5,500
308.5,500
309.5,500
310.5,500
311.5,500
312.5,500
313.5,500
314.5,500
315.5,500
316.5,500
317.5,500
318.5,500
319.5,500
320.5,500
321.5,500
322.5,500
323.5,500
324.5,500
325.5,500
326.5,500
327.5,500
328.5,500
329.5,500
330.5,500
331.5,500
332.5,500
333.5,500
334.5,500
335.5,500
336.5,500
337.5,500
338.5,500
339.5,500
340.5,500
341.5,500
342.5,500
343.5,500
344.5,500
345.5,500
346.5,500
347.5,500
348.5,500
349.5,500
350.5,500
351.5,500
352.5,500
353.5,500
354.5,500
355.5,500
356.5,500
357.5,500
358.5,500
359.5,500
360.5,500
361.5,500
362.5,500
363.5,500
364.5,500
365.5,500
366.5,500
367.5,500
368.5,500
369.5,500
370.5,500
371.5,500
372.5,500
373.5,500
374.5,500
375.5,500
376.5,500
377.5,500
378.5,500
379.5,500
380.5,500
381.5,500
382.5,500
383.5,500
384.5,500
385.5,500
386.5,500
387.5,500
388.5,500
389.5,500
390.5,500
391.5,500
392.5,500
393.5,500
394.5,500
395.5,500
396.5,500
397.5,500
398.5,500
399.5,500
400.5,500
401.5,500
402.5,500
403.5,500
404.5,500
405.5,500
406.5,500
407.5,500
408.5,500
409.5,500
410.5,500
411.5,500
412.5,500
413.5,500
414.5,500
415.5,500
416.5,500
417.5,500
418.5,500
419.5,500
420.5,500
421.5,500
422.5,500
423.5,500
424.5,500
425.5,500
426.5,500
427.5,500
428.5,500
429.5,500
430.5,500
431.5,500
432.5,500
433.5,500
434.5,500
435.5,500
436.5,500
437.5,500
438.5,500
439.5,500
440.5,500
441.5,500
442.5,500
443.5,500
444.5,500
445.5,500
446.5,500
447.5,500
448.5,500
449.5,500
450.5,500
451.5,500
452.5,500
453.5,500
454.5,500
455.5,500
456.5,500
457.5,500
458.5,500
459.5,500
460.5,500
461.5,500
462.5,500
463.5,500
464.5,500
465.5,500
466.5,500
467.5,500
468.5,500
469.5,500
470.5,500
471.5,500
472.5,500
473.5,500
474.5,500
475.5,500
476.5,500
477.5,500
478.5,500
479.5,500
480.5,500
481.5,500
482.5,500
483.5,500
484.5,500
485.5,500
486.5,500
487.5,500
488.5,500
489.5,500
490.5,500
491.5,500
492.5,500
493.5,500
494.5,500
495.5,500
496.5,500
497.5,500
498.5,500
499.5,500
500.5,500
501.5,500
502.5,500
503.5,500
504.5,500
505.5,500
506.5,500
507.5,500
508.5,500
509.5,500
510.5,500
511.5,500
512.5,500
513.5,500
514.5,500
515.5,500
516.5,500
517.5,500
518.5,500
519.5,500
520.5,500
521.5,500
522.5,500
523.5,500
524.5,500
525.5,500
526.5,500
527.5,500
528.5,500
529.5,500
530.5,500
531.5,500
532.5,500
533.5,500
534.5,500
535.5,500
536.5,500
537.5,500
538.5,500
539.5,500
540.5,500
541.5,500
542.5,500
543.5,500
544.5,500
545.5,500
546.5,500
547.5,500
548.5,500
549.5,500
550.5,500
551.5,500
552.5,500
553.5,500
554.5,500
555.5,500
556.5,500
557.5,500
558.5,500
559.5,500
560.5,500
561.5,500
562.5,500
563.5,500
564.5,500
565.5,500
566.5,500
567.5,500
568.5,500
569.5,500
570.5,500
571.5,500
572.5,500
573.5,500
574.5,500
575.5,500
576.5,500
577.5,500
578.5,500
579.5,500
580.5,500
581.5,500
582.5,500
583.5,500
584.5,500
585.5,500
586.5,500
587.5,500
588.5,500
589.5,500
590.5,500
591.5,500
592.5,500
593.5,500
594.5,500
595.5,500
596.5,500
597.5,500
598.5,500
599.5,500
600.5,500
601.5,500
602.5,500
603.5,500
604.5,500
605.5,500
606.5,500
607.5,500
608.5,500
609.5,500
610.5,500
611.5,500
612.5,500
613.5,500
614.5,500
615.5,500
616.5,500
617.5,500
618.5,500
619.5,500
620.5,500
621.5,500
622.5,500
623.5,500
624.5,500
625.5,500
626.5,500
627.5,500
628.5,500
629.5,500
630.5,500
631.5,500
632.5,500
633.5,500
634.5,500
635.5,500
636.5,500
637.5,500
638.5,500
639.5,500
640.5,500
641.5,500
642.5,500
643.5,500
644.5,500
645.5,500
646.5,500
647.5,500
648.5,500
649.5,500
650.5,500
651.5,500
652.5,500
653.5,500
654.5,500
655.5,500
656.5,500
657.5,500
658.5,500
659.5,500
660.5,500
661.5,500
662.5,500
663.5,500
664.5,500
665.5,500
666.5,500
667.5,500
668.5,500
669.5,500
670.5,500
671.5,500
672.5,500
673.5,500
674.5,500
675.5,500
676.5,500
677.5,500
678.5,500
679.5,500
680.5,500
681.5,500
682.5,500
683.5,500
684.5,500
685.5,500
686.5,500
687.5,500
688.5,500
689.5,500
690.5,500
691.5,500
692.5,500
693.5,500
694.5,500
695.5,500
696.5,500
697.5,500
698.5,500
699.5,500
700.5,500
701.5,500
702.5,500
703.5,500
704.5,500
705.5,500
706.5,500
707.5,500
708.5,500
709.5,500
710.5,500
711.5,500
712.5,500
713.5,500
714.5,500
715.5,500
716.5,500
717.5,500
718.5,500
719.5,500
720.5,500
721.5,500
722.5,500
723.5,500
724.5,500
725.5,500
726.5,500
727.5,500
728.5,500
729.5,500
730.5,500
731.5,500
732.5,500
733.5,500
734.5,500
735.5,500
736.5,500
737.5,500
738.5,500
739.5,500
740.5,500
741.5,500
742.5,500
743.5,500
744.5,500
745.5,500
746.5,500
747.5,500
748.5,500
749.5,500
750.5,500
751.5,500
752.5,500
753.5,500
754.5,500
755.5,500
756.5,500
757.5,500
758.5,500
759.5,500
760.5,500
761.5,500
762.5,500
763.5,500
764.5,500
765.5,500
766.5,500
767.5,500
768.5,500
769.5,500
770.5,500
771.5,500
772.5,500
773.5,500
774.5,500
775.5,500
776.5,500
777.5,500
778.5,500
779.5,500
780.5,500
781.5,500
782.5,500
783.5,500
784.5,500
785.5,500
786.5,500
787.5,500
788.5,500
789.5,500
790.5,500
791.5,500
792.5,500
793.5,500
794.5,500
795.5,500
796.5,500
797.5,500
798.5,500
799.5,500
800.5,500
801.5,500
802.5,500
803.5,500
804.5,500
805.5,500
806.5,500
807.5,500
808.5,500
809.5,500
810.5,500
811.5,500
812.5,500
813.5,500
814.5,500
815.5,500
816.5,500
817.5,500
818.5,500
819.5,500
820.5,500
821.5,500
822.5,500
823.5,500
824.5,500
825.5,500
826.5,500
827.5,500
828.5,500
829.5,500
830.5,500
831.5,500
832.5,500
833.5,500
834.5,500
835.5,500
836.5,500
837.5,500
838.5,500
839.5,500
840.5,500
841.5,500
842.5,500
843.5,500
844.5,500
845.5,500
846.5,500
847.5,500
848.5,500
849.5,500
850.5,500
851.5,500
852.5,500
853.5,500
854.5,500
855.5,500
856.5,500
857.5,500
858.5,500
859.5,500
860.5,500
861.5,500
862.5,500
863.5,500
864.5,500
865.5,500
866.5,500
867.5,500
868.5,500
869.5,500
870.5,500
871.5,500
872.5,500
873.5,500
874.5,500
875.5,500
876.5,500
877.5,500
878.5,500
879.5,500
880.5,500
881.5,500
882.5,500
883.5,500
884.5,500
885.5,500
886.5,500
887.5,500
888.5,500
889.5,500
890.5,500
891.5,500
892.5,500
893.5,500
894.5,500
895.5,500
896.5,500
897.5,500
898.5,500
899.5,500
900.5,500
901.5,500
902.5,500
903.5,500
904.5,500
905.5,500
906.5,500
907.5,500
908.5,500
909.5,500
910.5,500
911.5,500
912.5,500
913.5,500
914.5,500
915.5,500
916.5,500
917.5,500
918.5,500
919.5,500
920.5,500
921.5,500
922.5,500
923.5,500
924.5,500
925.5,500
926.5,500
927.5,500
928.5,500
929.5,500
930.5,500
931.5,500
932.5,500
933.5,500
934.5,500
935.5,500
936.5,500
937.5,500
938.5,500
939.5,500
940.5,500
941.5,500
942.5,500
943.5,500
944.5,500
945.5,500
946.5,500
947.5,500
948.5,500
949.5,500
950.5,500
951.5,500
952.5,500
953.5,500
954.5,500
955.5,500
956.5,500
957.5,500
958.5,500
959.5,500
960.5,500
961.5,500
962.5,500
963.5,500
964.5,500
965.5,500
966.5,500
967.5,500
968.5,500
969.5,500
970.5,500
971.5,500
972.5,500
973.5,500
974.5,500
975.5,500
976.5,500
977.5,500
978.5,500
979.5,500
980.5,500
981.5,500
982.5,500
983.5,500
984.5,500
985.5,500
986.5,500
987.5,500
988.5,500
989.5,500
990.5,500
991.5,500
992.5,500
993.5,500
994.5,500
995.5,500
996.5,500
997.5,500
998.5,500
999.5,500
1000.5,500
1001.5,500
1002.5,500
1003.5,500
1004.5,500
1005.5,500
1006.5,500
1007.5,500
1008.5,500
1009.5,500
1010.5,500
1011.5,500
1012.5,500
1013.5,500
1014.5,500
1015.5,500
1016.5,500
1017.5,500
1018.5,500
1019.5,500
1020.5,500
1021.5,500
1022.5,500
1023.5,500
1024.5,500
1025.5,500
1026.5,500
1027.5,500
1028.5,500
1029.5,500
1030.5,500
1031.5,500
1032.5,500
1033.5,500
1034.5,500
1035.5,500
1036.5,500
1037.5,500
1038.5,500
1039.5,500
1040.5,500
1041.5,500
1042.5,500
1043.5,500
1044.5,500
1045.5,500
1046.5,500
1047.5,500
1048.5,500
1049.5,500
1050.5,500
1051.5,500
1052.5,500
1053.5,500
1054.5,500
1055.5,500
1056.5,500
1057.5,500
1058.5,500
1059.5,500
1060.5,500
1061.5,500
1062.5,500
1063.5,500
1064.5,500
1065.5,500
1066.5,500
1067.5,500
1068.5,500
1069.5,500
1070.5,500
1071.5,500
1072.5,500
1073.5,500
1074.5,500
1075.5,500
1076.5,500
1077.5,500
1078.5,500
1079.5,500
1080.5,500
1081.5,500
1082.5,500
1083.5,500
1084.5,500
1085.5,500
1086.5,500
1087.5,500
1088.5,500
1089.5,500
1090.5,500
1091.5,500
1092.5,500
1093.5,500
1094.5,500
1095.5,500
1096.5,500
1097.5,500
1098.5,500
1099.5,500
1100.5,500
1101.5,500
1102.5,500
1103.5,500
1104.5,500
1105.5,500
1106.5,500
1107.5,500
1108.5,500
1109.5,500
1110.5,500
1111.5,500
1112.5,500
1113.5,500
1114.5,500
1115.5,500
1116.5,500
1117.5,500
1118.5,500
1119.5,500
1120.5,500
1121.5,500
1122.5,500
1123.5,500
1124.5,500
1125.5,500
1126.5,500
1127.5,500
1128.5,500
1129.5,500
1130.5,500
1131.5,500
1132.5,500
1133.5,500
1134.5,500
1135.5,500
1136.5,500
1137.5,500
1138.5,500
1139.5,500
1140.5,500
1141.5,500
1142.5,500
1143.5,500
1144.5,500
1145.5,500
1146.5,500
1147.5,500
1148.5,500
1149.5,500
1150.5,500
1151.5,500
1152.5,500
1153.5,500
1154.5,500
1155.5,500
1156.5,500
1157.5,500
1158.5,500
1159.5,500
1160.5,500
1161.5,500
1162.5,500
1163.5,500
1164.5,500
1165.5,500
1166.5,500
1167.5,500
1168.5,500
1169.5,500
1170.5,500
1171.5,500
1172.5,500
1173.5,500
1174.5,500
1175.5,500
1176.5,500
1177.5,500
1178.5,500
1179.5,500
1180.5,500
1181.5,500
1182.5,500
1183.5,500
1184.5,500
1185.5,500
1186.5,500
1187.5,500
1188.5,500
1189.5,500
1190.5,500
1191.5,500
1192.5,500
1193.5,500
1194.5,500
1195.5,500
1196.5,500
1197.5,500
1198.5,500
1199.5,500
1200.5,500
1201.5,500
1202.5,500
1203.5,500
1204.5,500
1205.5,500
1206.5,500
1207.5,500
1208.5,500
1209.5,500
1210.5,500
1211.5,500
1212.5,500
1213.5,500
1214.5,500
1215.5,500
1216.5,500
1217.5,500
1218.5,500
1219.5,500
1220.5,500
1221.5,500
1222.5,500
1223.5,500
1224.5,500
1225.5,500
1226.5,500
1227.5,500
1228.5,500
1229.5,500
1230.5,500
1231.5,500
1232.5,500
1233.5,500
1234.5,500
1235.5,500
1236.5,500
1237.5,500
1238.5,500
1239.5,500
1240.5,500
1241.5,500
1242.5,500
1243.5,500
1244.5,500
1245.5,500
1246.5,500
1247.5,500
1248.5,500
1249.5,500
1250.5,500
1251.5,500
1252.5,500
1253.5,500
1254.5,500
1255.5,500
1256.5,500
1257.5,500
1258.5,500
1259.5,500
1260.5,500
1261.5,500
1262.5,500
1263.5,500
1264.5,500
1265.5,500
1266.5,500
1267.5,500
1268.5,500
1269.5,500
1270.5,500
1271.5,500
1272.5,500
1273.5,500
1274.5,500
1275.5,500
1276.5,500
1277.5,500
1278.5,500
1279.5,500
1280.5,500
1281.5,500
1282.5,500
1283.5,500
1284.5,500
1285.5,500
1286.5,500
1287.5,500
1288.5,500
1289.5,500
1290.5,500
1291.5,500
1292.5,500
1293.5,500
1294.5,500
1295.5,500
1296.5,500
1297.5,500
1298.5,500
1299.5,500
1300.5,500
1301.5,500
1302.5,500
1303.5,500
1304.5,500
1305.5,500
1306.5,500
1307.5,500
1308.5,500
1309.5,500
1310.5,500
1311.5,500
1312.5,500
1313.5,500
1314.5,500
1315.5,500
1316.5,500
1317.5,500
1318.5,500
1319.5,500
1320.5,500
1321.5,500
1322.5,500
1323.5,500
1324.5,500
1325.5,500
1326.5,500
1327.5,500
1328.5,500
1329.5,500
1330.5,500
1331.5,500
1332.5,500
1333.5,500
1334.5,500
1335.5,500
1336.5,500
1337.5,500
1338.5,500
1339.5,500
1340.5,500
1341.5,500
1342.5,500
1343.5,500
1344.5,500
1345.5,500
1346.5,500
1347.5,500
1348.5,500
1349.5,500
1350.5,500
1351.5,500
1352.5,500
1353.5,500
1354.5,500
1355.5,500
1356.5,500
1357.5,500
1358.5,500
1359.5,500
1360.5,500
1361.5,500
1362.5,500
1363.5,500
1364.5,500
1365.5,500
1366.5,500
1367.5,500
1368.5,500
1369.5,500
1370.5,500
1371.5,500
1372.5,500
1373.5,500
1374.5,500
1375.5,500
1376.5,500
1377.5,500
1378.5,500
1379.5,500
1380.5,500
1381.5,500
1382.5,500
1383.5,500
1384.5,500
1385.5,500
1386.5,500
1387.5,500
1388.5,500
1389.5,500
1390.5,500
1391.5,500
1392.5,500
1393.5,500
1394.5,500
1395.5,500
1396.5,500
1397.5,500
1398.5,500
1399.5,500
1400.5,500
1401.5,500
1402.5,500
1403.5,500
1404.5,500
1405.5,500
1406.5,500
1407.5,500
1408.5,500
1409.5,500
1410.5,500
1411.5,500
1412.5,500
1413.5,500
1414.5,500
1415.5,500
1416.5,500
1417.5,500
1418.5,500
1419.5,500
1420.5,500
1421.5,500
1422.5,500
1423.5,500
1424.5,500
1425.5,500
1426.5,500
1427.5,500
1428.5,500
1429.5,500
1430.5,500
1431.5,500
1432.5,500
1433.5,500
1434.5,500
1435.5,500
1436.5,500
1437.5,500
1438.5,500
1439.5,500
1440.5,500
1441.5,500
1442.5,500
1443.5,500
1444.5,500
1445.5,500
1446.5,500
1447.5,500
1448.5,500
1449.5,500
1450.5,500
1451.5,500
1452.5,500
1453.5,500
1454.5,500
1455.5,500
1456.5,500
1457.5,500
1458.5,500
1459.5,500
1460.5,500
1461.5,500
1462.5,500
1463.5,500
1464.5,500
1465.5,500
1466.5,500
1467.5,500
1468.5,500
1469.5,500
1470.5,500
1471.5,500
1472.5,500
1473.5,500
1474.5,500
1475.5,500
1476.5,500
1477.5,500
1478.5,500
1479.5,500
1480.5,500
1481.5,500
1482.5,500
1483.5,500
1484.5,500
1485.5,500
1486.5,500
1487.5,500
1488.5,500
1489.5,500
1490.5,500
1491.5,500
1492.5,500
1493.5,500
1494.5,500
1495.5,500
1496.5,500
1497.5,500
1498.5,500
1499.5,500
1500.5,500
1501.5,500
1502.5,500
1503.5,500
1504.5,500
1505.5,500
1506.5,500
1507.5,500
1508.5,500
1509.5,500
1510.5,500
1511.5,500
1512.5,500
1513.5,500
1514.5,500
1515.5,500
1516.5,500
1517.5,500
1518.5,500
1519.5,500
1520.5,500
1521.5,500
1522.5,500
1523.5,500
1524.5,500
1525.5,500
1526.5,500
1527.5,500
1528.5,500
1529.5,500
1530.5,500
1531.5,500
1532.5,500
1533.5,500
1534.5,500
1535.5,500
1536.5,500
1537.5,500
1538.5,500
1539.5,500
1540.5,500
1541.5,500
1542.5,500
1543.5,500
1544.5,500
1545.5,500
1546.5,500
1547.5,500
1548.5,500
1549.5,500
1550.5,500
1551.5,500
1552.5,500
1553.5,500
1554.5,500
1555.5,500
1556.5,500
1557.5,500
1558.5,500
1559.5,500
1560.5,500
1561.5,500
1562.5,500
1563.5,500
1564.5,500
1565.5,500
1566.5,500
1567.5,500
1568.5,500
1569.5,500
1570.5,500
1571.5,500
1572.5,500
1573.5,500
1574.5,500
1575.5,500
1576.5,500
1577.5,500
1578.5,500
1579.5,500
1580.5,500
1581.5,500
1582.5,500
1583.5,500
1584.5,500
1585.5,500
1586.5,500
1587.5,500
1588.5,500
1589.5,500
1590.5,500
1591.5,500
1592.5,500
1593.5,500
1594.5,500
1595.5,500
1596.5,500
1597.5,500
1598.5,500
1599.5,500
1600.5,500
1601.5,500
1602.5,500
1603.5,500
1604.5,500
1605.5,500
1606.5,500
1607.5,500
1608.5,500
1609.5,500
1610.5,500
1611.5,500
1612.5,500
1613.5,500
1614.5,500
1615.5,500
1616.5,500
1617.5,500
1618.5,500
1619.5,500
1620.5,500
1621.5,500
1622.5,500
1623.5,500
1624.5,500
1625.5,500
1626.5,500
1627.5,500
1628.5,500
1629.5,500
1630.5,500
1631.5,500
1632.5,500
1633.5,500
1634.5,500
1635.5,500
1636.5,500
1637.5,500
1638.5,500
1639.5,500
1640.5,500
1641.5,500
1642.5,500
1643.5,500
1644.5,500
1645.5,500
1646.5,500
1647.5,500
1648.5,500
1649.5,500
1650.5,500
1651.5,500
1652.5,500
1653.5,500
1654.5,500
1655.5,500
1656.5,500
1657.5,500
1658.5,500
1659.5,500
1660.5,500
1661.5,500
1662.5,500
1663.5,500
1664.5,500
1665.5,500
1666.5,500
1667.5,500
1668.5,500
1669.5,500
1670.5,500
1671.5,500
1672.5,500
1673.5,500
1674.5,500
1675.5,500
1676.5,500
1677.5,500
1678.5,500
1679.5,500
1680.5,500
1681.5,500
1682.5,500
1683.5,500
1684.5,500
1685.5,500
1686.5,500
1687.5,500
1688.5,500
1689.5,500
1690.5,500
1691.5,500
1692.5,500
1693.5,500
1694.5,500
1695.5,500
1696.5,500
1697.5,500
1698.5,500
1699.5,500
1700.5,500
1701.5,500
1702.5,500
1703.5,500
1704.5,500
1705.5,500
1706.5,500
1707.5,500
1708.5,500
1709.5,500
1710.5,500
1711.5,500
1712.5,500
1713.5,500
1714.5,500
1715.5,500
1716.5,500
1717.5,500
1718.5,500
1719.5,500
1720.5,500
1721.5,500
1722.5,500
1723.5,500
1724.5,500
1725.5,500
1726.5,500
1727.5,500
1728.5,500
1729.5,500
1730.5,500
1731.5,500
1732.5,500
1733.5,500
1734.5,500
1735.5,500
1736.5,500
1737.5,500
1738.5,500
1739.5,500
1740.5,500
1741.5,500
1742.5,500
1743.5,500
1744.5,500
1745.5,500
1746.5,500
1747.5,500
1748.5,500
1749.5,500
1750.5,500
1751.5,500
1752.5,500
1753.5,500
1754.5,500
1755.5,500
1756.5,500
1757.5,500
1758.5,500
1759.5,500
1760.5,500
1761.5,500
1762.5,500
1763.5,500
1764.5,500
1765.5,500
1766.5,500
1767.5,500
1768.5,500
1769.5,500
1770.5,500
1771.5,500
1772.5,500
1773.5,500
1774.5,500
1775.5,500
1776.5,500
1777.5,500
1778.5,500
1779.5,500
1780.5,500
1781.5,500
1782.5,500
1783.5,500
1784.5,500
1785.5,500
1786.5,500
1787.5,500
1788.5,500
1789.5,500
1790.5,500
1791.5,500
1792.5,500
1793.5,500
1794.5,500
1795.5,500
1796.5,500
1797.5,500
1798.5,500
1799.5,500
1800.5,500
1801.5,500
1802.5,500
1803.5,500
1804.5,500
1805.5,500
1806.5,500
1807.5,500
1808.5,500
1809.5,500
1810.5,500
1811.5,500
1812.5,500
1813.5,500
1814.5,500
1815.5,500
1816.5,500
1817.5,500
1818.5,500
1819.5,500
1820.5,500
1821.5,500
1822.5,500
1823.5,500
1824.5,500
1825.5,500
1826.5,500
1827.5,500
1828.5,500
1829.5,500
1830.5,500
1831.5,500
1832.5,500
1833.5,500
1834.5,500
1835.5,500
1836.5,500
1837.5,500
1838.5,500
1839.5,500
1840.5,500
1841.5,500
1842.5,500
1843.5,500
1844.5,500
1845.5,500
1846.5,500
1847.5,500
1848.5,500
1849.5,500
1850.5,500
1851.5,500
1852.5,500
1853.5,500
1854.5,500
1855.5,500
1856.5,500
1857.5,500
1858.5,500
1859.5,500
1860.5,500
1861.5,500
1862.5,500
1863.5,500
1864.5,500
1865.5,500
1866.5,500
1867.5,500
1868.5,500
1869.5,500
1870.5,500
1871.5,500
1872.5,500
1873.5,500
1874.5,500
1875.5,500
1876.5,500
1877.5,500
1878.5,500
1879.5,500
1880.5,500
1881.5,500
1882.5,500
1883.5,500
1884.5,500
1885.5,500
1886.5,500
1887.5,500
1888.5,500
1889.5,500
1890.5,500
1891.5,500
1892.5,500
1893.5,500
1894.5,500
1895.5,500
1896.5,500
1897.5,500
1898.5,500
1899.5,500
1900.5,500
1901.5,500
1902.5,500
1903.5,500
1904.5,500
1905.5,500
1906.5,500
1907.5,500
1908.5,500
1909.5,500
1910.5,500
1911.5,500
1912.5,500
1913.5,500
1914.5,500
1915.5,500
1916.5,500
1917.5,500
1918.5,500
1919.5,500
1920.5,500
1921.5,500
1922.5,500
1923.5,500
1924.5,500
1925.5,500
1926.5,500
1927.5,500
1928.5,500
1929.5,500
1930.5,500
1931.5,500
1932.5,500
1933.5,500
1934.5,500
1935.5,500
1936.5,500
1937.5,500
1938.5,500
1939.5,500
1940.5,500
1941.5,500
1942.5,500
1943.5,500
1944.5,500
1945.5,500
1946.5,500
1947.5,500
1948.5,500
1949.5,500
1950.5,500
1951.5,500
1952.5,500
1953.5,500
1954.5,500
1955.5,500
1956.5,500
1957.5,500
1958.5,500
1959.5,500
1960.5,500
1961.5,500
1962.5,500
1963.5,500
1964.5,500
1965.5,500
1966.5,500
1967.5,500
1968.5,500
1969.5,500
1970.5,500
1971.5,500
1972.5,500
1973.5,500
1974.5,500
1975.5,500
1976.5,500
1977.5,500
1978.5,500
1979.5,500
1980.5,500
1981.5,500
1982.5,500
1983.5,500
1984.5,500
1985.5,500
1986.5,500
1987.5,500
1988.5,500
1989.5,500
1990.5,500
1991.5,500
1992.5,500
1993.5,500
1994.5,500
1995.5,500
1996.5,500
1997.5,500
1998.5,500
1999.5,500
2000.5,500
2001.5,500
2002.5,500
2003.5,500
2004.5,500
2005.5,500
2006.5,500
2007.5,500
2008.5,500
2009.5,500
2010.5,500
2011.5,500
2012.5,500
2013.5,500
2014.5,500
2015.5,500
2016.5,500
2017.5,500
2018.5,500
2019.5,500
2020.5,500
2021.5,500
2022.5,500
2023.5,500
2024.5,500
2025.5,500
2026.5,500
2027.5,500
2028.5,500
2029.5,500
2030.5,500
2031.5,500
2032.5,500
2033.5,500
2034.5,500
2035.5,500
2036.5,500
2037.5,500
2038.5,500
2039.5,500
2040.5,500
2041.5,500
2042.5,500
2043.5,500
2044.5,500
2045.5,500
2046.5,500
2047.5,500
2048.5,500
2049.5,500
2050.5,500
2051.5,500
2052.5,500
2053.5,500
2054.5,500
2055.5,500
2056.5,500
2057.5,500
2058.5,500
2059.5,500
2060.5,500
2061.5,500
2062.5,500
2063.5,500
2064.5,500
2065.5,500
2066.5,500
2067.5,500
2068.5,500
2069.5,500
2070.5,500
2071.5,500
2072.5,500
2073.5,500
2074.5,500
2075.5,500
2076.5,500
2077.5,500
2078.5,500
2079.5,500
2080.5,500
2081.5,500
2082.5,500
2083.5,500
2084.5,500
2085.5,500
2086.5,500
2087.5,500
2088.5,500
2089.5,500
2090.5,500
2091.5,500
2092.5,500
2093.5,500
2094.5,500
2095.5,500
2096.5,500
2097.5,500
2098.5,500
2099.5,500
2100.5,500
2101.5,500
2102.5,500
2103.5,500
2104.5,500
2105.5,500
2106.5,500
2107.5,500
2108.5,500
2109.5,500
2110.5,500
2111.5,500
2112.5,500
2113.5,500
2114.5,500
2115.5,500
2116.5,500
2117.5,500
2118.5,500
2119.5,500
2120.5,500
2121.5,500
2122.5,500
2123.5,500
2124.5,500
2125.5,500
2126.5,500
2127.5,500
2128.5,500
2129.5,500
2130.5,500
2131.5,500
2132.5,500
2133.5,500
2134.5,500
2135.5,500
2136.5,500
2137.5,500
2138.5,500
2139.5,500
2140.5,500
2141.5,500
2142.5,500
2143.5,500
2144.5,500
2145.5,500
2146.5,500
2147.5,500
2148.5,500
2149.5,500
2150.5,500
2151.5,500
2152.5,500
2153.5,500
2154.5,500
2155.5,500
2156.5,500
2157.5,500
2158.5,500
2159.5,500
2160.5,500
2161.5,500
2162.5,500
2163.5,500
2164.5,500
2165.5,500
2166.5,500
2167.5,500
2168.5,500
2169.5,500
2170.5,500
2171.5,500
2172.5,500
2173.5,500
2174.5,500
2175.5,500
2176.5,500
2177.5,500
2178.5,500
2179.5,500
2180.5,500
2181.5,500
2182.5,500
2183.5,500
2184.5,500
2185.5,500
2186.5,500
2187.5,500
2188.5,500
2189.5,500
2190.5,500
2191.5,500
2192.5,500
2193.5,500
2194.5,500
2195.5,500
2196.5,500
2197.5,500
2198.5,500
2199.5,500
2200.5,500
2201.5,500
2202.5,500
2203.5,500
2204.5,500
2205.5,500
2206.5,500
2207.5,500
2208.5,500
2209.5,500
2210.5,500
2211.5,500
2212.5,500
2213.5,500
2214.5,500
2215.5,500
2216.5,500
2217.5,500
2218.5,500
2219.5,500
2220.5,500
2221.5,500
2222.5,500
2223.5,500
2224.5,500
2225.5,500
2226.5,500
2227.5,500
2228.5,500
2229.5,500
2230.5,500
2231.5,500
2232.5,500
2233.5,500
2234.5,500
2235.5,500
2236.5,500
2237.5,500
2238.5,500
2239.5,500
2240.5,500
2241.5,500
2242.5,500
2243.5,500
2244.5,500
2245.5,500
2246.5,500
2247.5,500
2248.5,500
2249.5,500
2250.5,500
2251.5,500
2252.5,500
2253.5,500
2254.5,500
2255.5,500
2256.5,500
2257.5,500
2258.5,500
2259.5,500
2260.5,500
2261.5,500
2262.5,500
2263.5,500
2264.5,500
2265.5,500
2266.5,500
2267.5,500
2268.5,500
2269.5,500
2270.5,500
2271.5,500
2272.5,500
2273.5,500
2274.5,500
2275.5,500
2276.5,500
2277.5,500
2278.5,500
2279.5,500
2280.5,500
2281.5,500
2282.5,500
2283.5,500
2284.5,500
2285.5,500
2286.5,500
2287.5,500
2288.5,500
2289.5,500
2290.5,500
2291.5,500
2292.5,500
2293.5,500
2294.5,500
2295.5,500
2296.5,500
2297.5,500
2298.5,500
2299.5,500
2300.5,500
2301.5,500
2302.5,500
2303.5,500
2304.5,500
2305.5,500
2306.5,500
2307.5,500
2308.5,500
2309.5,500
2310.5,500
2311.5,500
2312.5,500
2313.5,500
2314.5,500
2315.5,500
2316.5,500
2317.5,500
2318.5,500
2319.5,500
2320.5,500
2321.5,500
2322.5,500
2323.5,500
2324.5,500
2325.5,500
2326.5,500
2327.5,500
2328.5,500
2329.5,500
2330.5,500
2331.5,500
2332.5,500
2333.5,500
2334.5,500
2335.5,500
2336.5,500
2337.5,500
2338.5,500
2339.5,500
2340.5,500
2341.5,500
2342.5,500
2343.5,500
2344.5,500
2345.5,500
2346.5,500
2347.5,500
2348.5,500
2349.5,500
2350.5,500
2351.5,500
2352.5,500
2353.5,500
2354.5,500
2355.5,500
2356.5,500
2357.5,500
2358.5,500
2359.5,500
2360.5,500
2361.5,500
2362.5,500
2363.5,500
2364.5,500
2365.5,500
2366.5,500
2367.5,500
2368.5,500
2369.5,500
2370.5,500
2371.5,500
2372.5,500
2373.5,500
2374.5,500
2375.5,500
2376.5,500
2377.5,500
2378.5,500
2379.5,500
2380.5,500
2381.5,500
2382.5,500
2383.5,500
2384.5,500
2385.5,500
2386.5,500
2387.5,500
2388.5,500
2389.5,500
2390.5,500
2391.5,500
2392.5,500
2393.5,500
2394.5,500
2395.5,500
2396.5,500
2397.5,500
2398.5,500
2399.5,500
2400.5,500
2401.5,500
2402.5,500
2403.5,500
2404.5,500
2405.5,500
2406.5,500
2407.5,500
2408.5,500
2409.5,500
2410.5,500
2411.5,500
2412.5,500
2413.5,500
2414.5,500
2415.5,500
2416.5,500
2417.5,500
2418.5,500
2419.5,500
2420.5,500
2421.5,500
2422.5,500
2423.5,500
2424.5,500
2425.5,500
2426.5,500
2427.5,500
2428.5,500
2429.5,500
2430.5,500
2431.5,500
2432.5,500
2433.5,500
2434.5,500
2435.5,500
2436.5,500
2437.5,500
2438.5,500
2439.5,500
2440.5,500
2441.5,500
2442.5,500
2443.5,500
2444.5,500
2445.5,500
2446.5,500
2447.5,500
2448.5,500
2449.5,500
2450.5,500
2451.5,500
2452.5,500
2453.5,500
2454.5,500
2455.5,500
2456.5,500
2457.5,500
2458.5,500
2459.5,500
2460.5,500
2461.5,500
2462.5,500
2463.5,500
2464.5,500
2465.5,500
2466.5,500
2467.5,500
2468.5,500
2469.5,500
2470.5,500
2471.5,500
2472.5,500
2473.5,500
2474.5,500
2475.5,500
2476.5,500
2477.5,500
2478.5,500
2479.5,500
2480.5,500
2481.5,500
2482.5,500
2483.5,500
2484.5,500
2485.5,500
2486.5,500
2487.5,500
2488.5,500
2489.5,500
2490.5,500
2491.5,500
2492.5,500
2493.5,500
2494.5,500
2495.5,500
2496.5,500
2497.5,500
2498.5,500
2499.5,500
2500.5,500
2501.5,500
2502.5,500
2503.5,500
2504.5,500
2505.5,500
2506.5,500
2507.5,500
2508.5,500
2509.5,500
2510.5,500
2511.5,500
2512.5,500
2513.5,500
2514.5,500
2515.5,500
2516.5,500
2517.5,500
2518.5,500
2519.5,500
2520.5,500
2521.5,500
2522.5,500
2523.5,500
2524.5,500
2525.5,500
2526.5,500
2527.5,500
2528.5,500
2529.5,500
2530.5,500
2531.5,500
2532.5,500
2533.5,500
2534.5,500
2535.5,500
2536.5,500
2537.5,500
2538.5,500
2539.5,500
2540.5,500
2541.5,500
2542.5,500
2543.5,500
2544.5,500
2545.5,500
2546.5,500
2547.5,500
2548.5,500
2549.5,500
2550.5,500
2551.5,500
2552.5,500
2553.5,500
2554.5,500
2555.5,500
2556.5,500
2557.5,500
2558.5,500
2559.5,500
2560.5,500
2561.5,500
2562.5,500
2563.5,500
2564.5,500
2565.5,500
2566.5,500
2567.5,500
2568.5,500
2569.5,500
2570.5,500
2571.5,500
2572.5,500
2573.5,500
2574.5,500
2575.5,500
2576.5,500
2577.5,500
2578.5,500
2579.5,500
2580.5,500
2581.5,500
2582.5,500
2583.5,500
2584.5,500
2585.5,500
2586.5,500
2587.5,500
2588.5,500
2589.5,500
2590.5,500
2591.5,500
2592.5,500
2593.5,500
2594.5,500
2595.5,500
2596.5,500
2597.5,500
2598.5,500
2599.5,500
2600.5,500
2601.5,500
2602.5,500
2603.5,500
2604.5,500
2605.5,500
2606.5,500
2607.5,500
2608.5,500
2609.5,500
2610.5,500
2611.5,500
2612.5,500
2613.5,500
2614.5,500
2615.5,500
2616.5,500
2617.5,500
2618.5,500
2619.5,500
2620.5,500
2621.5,500
2622.5,500
2623.5,500
2624.5,500
2625.5,500
2626.5,500
2627.5,500
2628.5,500
2629.5,500
2630.5,500
2631.5,500
2632.5,500
2633.5,500
2634.5,500
2635.5,500
2636.5,500
2637.5,500
2638.5,500
2639.5,500
2640.5,500
2641.5,500
2642.5,500
2643.5,500
2644.5,500
2645.5,500
2646.5,500
2647.5,500
2648.5,500
2649.5,500
2650.5,500
2651.5,500
2652.5,500
2653.5,500
2654.5,500
2655.5,500
2656.5,500
2657.5,500
2658.5,500
2659.5,500
2660.5,500
2661.5,500
2662.5,500
2663.5,500
2664.5,500
2665.5,500
2666.5,500
2667.5,500
2668.5,500
2669.5,500
2670.5,500
2671.5,500
2672.5,500
2673.5,500
2674.5,500
2675.5,500
2676.5,500
2677.5,500
2678.5,500
2679.5,500
2680.5,500
2681.5,500
2682.5,500
2683.5,500
2684.5,500
2685.5,500
2686.5,500
2687.5,500
2688.5,500
2689.5,500
2690.5,500
2691.5,500
2692.5,500
2693.5,500
2694.5,500
2695.5,500
2696.5,500
2697.5,500
2698.5,500
2699.5,500
2700.5,500
2701.5,500
2702.5,500
2703.5,500
2704.5,500
2705.5,500
2706.5,500
2707.5,500
2708.5,500
2709.5,500
2710.5,500
2711.5,500
2712.5,500
2713.5,500
2714.5,500
2715.5,500
2716.5,500
2717.5,500
2718.5,500
2719.5,500
2720.5,500
2721.5,500
2722.5,500
2723.5,500
2724.5,500
2725.5,500
2726.5,500
2727.5,500
2728.5,500
2729.5,500
2730.5,500
2731.5,500
2732.5,500
2733.5,500
2734.5,500
2735.5,500
2736.5,500
2737.5,500
2738.5,500
2739.5,500
2740.5,500
2741.5,500
2742.5,500
2743.5,500
2744.5,500
2745.5,500
2746.5,500
2747.5,500
2748.5,500
2749.5,500
2750.5,500
2751.5,500
2752.5,500
2753.5,500
2754.5,500
2755.5,500
2756.5,500
2757.5,500
2758.5,500
2759.5,500
2760.5,500
2761.5,500
2762.5,500
2763.5,500
2764.5,500
2765.5,500
2766.5,500
2767.5,500
2768.5,500
2769.5,500
2770.5,500
2771.5,500
2772.5,500
2773.5,500
2774.5,500
2775.5,500
2776.5,500
2777.5,500
2778.5,500
2779.5,500
2780.5,500
2781.5,500
2782.5,500
2783.5,500
2784.5,500
2785.5,500
2786.5,500
2787.5,500
2788.5,500
2789.5,500
2790.5,500
2791.5,500
2792.5,500
2793.5,500
2794.5,500
2795.5,500
2796.5,500
2797.5,500
2798.5,500
2799.5,500
2800.5,500
2801.5,500
2802.5,500
2803.5,500
2804.5,500
2805.5,500
2806.5,500
2807.5,500
2808.5,500
2809.5,500
2810.5,500
2811.5,500
2812.5,500
2813.5,500
2814.5,500
2815.5,500
2816.5,500
2817.5,500
2818.5,500
2819.5,500
2820.5,500
2821.5,500
2822.5,500
2823.5,500
2824.5,500
2825.5,500
2826.5,500
2827.5,500
2828.5,500
2829.5,500
2830.5,500
2831.5,500
2832.5,500
2833.5,500
2834.5,500
2835.5,500
2836.5,500
2837.5,500
2838.5,500
2839.5,500
2840.5,500
2841.5,500
2842.5,500
2843.5,500
2844.5,500
2845.5,500
2846.5,500
2847.5,500
2848.5,500
2849.5,500
2850.5,500
2851.5,500
2852.5,500
2853.5,500
2854.5,500
2855.5,500
2856.5,500
2857.5,500
2858.5,500
2859.5,500
2860.5,500
2861.5,500
2862.5,500
2863.5,500
2864.5,500
2865.5,500
2866.5,500
2867.5,500
2868.5,500
2869.5,500
2870.5,500
2871.5,500
2872.5,500
2873.5,500
2874.5,500
2875.5,500
2876.5,500
2877.5,500
2878.5,500
2879.5,500
2880.5,500
2881.5,500
2882.5,500
2883.5,500
2884.5,500
2885.5,500
2886.5,500
2887.5,500
2888.5,500
2889.5,500
2890.5,500
2891.5,500
2892.5,500
2893.5,500
2894.5,500
2895.5,500
2896.5,500
2897.5,500
2898.5,500
2899.5,500
2900.5,500
2901.5,500
2902.5,500
2903.5,500
2904.5,500
2905.5,500
2906.5,500
2907.5,500
2908.5,500
2909.5,500
2910.5,500
2911.5,500
2912.5,500
2913.5,500
2914.5,500
2915.5,500
2916.5,500
2917.5,500
2918.5,500
2919.5,500
2920.5,500
2921.5,500
2922.5,500
2923.5,500
2924.5,500
2925.5,500
2926.5,500
2927.5,500
2928.5,500
2929.5,500
2930.5,500
2931.5,500
2932.5,500
2933.5,500
2934.5,500
2935.5,500
2936.5,500
2937.5,500
2938.5,500
2939.5,500
2940.5,500
2941.5,500
2942.5,500
2943.5,500
2944.5,500
2945.5,500
2946.5,500
2947.5,500
2948.5,500
2949.5,500
2950.5,500
2951.5,500
2952.5,500
2953.5,500
2954.5,500
2955.5,500
2956.5,500
2957.5,500
2958.5,500
2959.5,500
2960.5,500
2961.5,500
2962.5,500
2963.5,500
2964.5,500
2965.5,500
2966.5,500
2967.5,500
2968.5,500
2969.5,500
2970.5,500
2971.5,500
2972.5,500
2973.5,500
2974.5,500
2975.5,500
2976.5,500
2977.5,500
2978.5,500
2979.5,500
2980.5,500
2981.5,500
2982.5,500
2983.5,500
2984.5,500
2985.5,500
2986.5,500
2987.5,500
2988.5,500
2989.5,500
2990.5,500
2991.5,500
2992.5,500
2993.5,500
2994.5,500
2995.5,500
2996.5,500
2997.5,500
2998.5,500
2999.5,500
3000.5,500
3001.5,500
3002.5,500
3003.5,500
3004.5,500
3005.5,500
3006.5,500
3007.5,500
3008.5,500
3009.5,500
3010.5,500
3011.5,500
3012.5,500
3013.5,500
3014.5,500
3015.5,500
3016.5,500
3017.5,500
3018.5,500
3019.5,500
3020.5,500
3021.5,500
3022.5,500
3023.5,500
3024.5,500
3025.5,500
3026.5,500
3027.5,500
3028.5,500
3029.5,500
3030.5,500
3031.5,500
3032.5,500
3033.5,500
3034.5,500
3035.5,500
3036.5,500
3037.5,500
3038.5,500
3039.5,500
3040.5,500
3041.5,500
3042.5,500
3043.5,500
3044.5,500
3045.5,500
3046.5,500
3047.5,500
3048.5,500
3049.5,500
3050.5,500
3051.5,500
3052.5,500
3053.5,500
3054.5,500
3055.5,500
3056.5,500
3057.5,500
3058.5,500
3059.5,500
3060.5,500
3061.5,500
3062.5,500
3063.5,500
3064.5,500
3065.5,500
3066.5,500
3067.5,500
3068.5,500
3069.5,500
3070.5,500
3071.5,500
3072.5,500
3073.5,500
3074.5,500
3075.5,500
3076.5,500
3077.5,500
3078.5,500
3079.5,500
3080.5,500
3081.5,500
3082.5,500
3083.5,500
3084.5,500
3085.5,500
3086.5,500
3087.5,500
3088.5,500
3089.5,500
3090.5,500
3091.5,500
3092.5,500
3093.5,500
3094.5,500
3095.5,500
3096.5,500
3097.5,500
3098.5,500
3099.5,500
3100.5,500
3101.5,500
3102.5,500
3103.5,500
3104.5,500
3105.5,500
3106.5,500
3107.5,500
3108.5,500
3109.5,500
3110.5,500
3111.5,500
3112.5,500
3113.5,500
3114.5,500
3115.5,500
3116.5,500
3117.5,500
3118.5,500
3119.5,500
3120.5,500
3121.5,500
3122.5,500
3123.5,500
3124.5,500
3125.5,500
3126.5,500
3127.5,500
3128.5,500
3129.5,500
3130.5,500
3131.5,500
3132.5,500
3133.5,500
3134.5,500
3135.5,500
3136.5,500
3137.5,500
3138.5,500
3139.5,500
3140.5,500
3141.5,500
3142.5,500
3143.5,500
3144.5,500
3145.5,500
3146.5,500
3147.5,500
3148.5,500
3149.5,500
3150.5,500
3151.5,500
3152.5,500
3153.5,500
3154.5,500
3155.5,500
3156.5,500
3157.5,500
3158.5,500
3159.5,500
3160.5,500
3161.5,500
3162.5,500
3163.5,500
3164.5,500
3165.5,500
3166.5,500
3167.5,500
3168.5,500
3169.5,500
3170.5,500
3171.5,500
3172.5,500
3173.5,500
3174.5,500
3175.5,500
3176.5,500
3177.5,500
3178.5,500
3179.5,500
3180.5,500
3181.5,500
3182.5,500
3183.5,500
3184.5,500
3185.5,500
3186.5,500
3187.5,500
3188.5,500
3189.5,500
3190.5,500
3191.5,500
3192.5,500
3193.5,500
3194.5,500
3195.5,500
3196.5,500
3197.5,500
3198.5,500
3199.5,500
3200.5,500
3201.5,500
3202.5,500
3203.5,500
3204.5,500
3205.5,500
3206.5,500
3207.5,500
3208.5,500
3209.5,500
3210.5,500
3211.5,500
3212.5,500
3213.5,500
3214.5,500
3215.5,500
3216.5,500
3217.5,500
3218.5,500
3219.5,500
3220.5,500
3221.5,500
3222.5,500
3223.5,500
3224.5,500
3225.5,500
3226.5,500
3227.5,500
3228.5,500
3229.5,500
3230.5,500
3231.5,500
3232.5,500
3233.5,500
3234.5,500
3235.5,500
3236.5,500
3237.5,500
3238.5,500
3239.5,500
3240.5,500
3241.5,500
3242.5,500
3243.5,500
3244.5,500
3245.5,500
3246.5,500
3247.5,500
3248.5,500
3249.5,500
3250.5,500
3251.5,500
3252.5,500
3253.5,500
3254.5,500
3255.5,500
3256.5,500
3257.5,500
3258.5,500
3259.5,500
3260.5,500
3261.5,500
3262.5,500
3263.5,500
3264.5,500
3265.5,500
3266.5,500
3267.5,500
3268.5,500
3269.5,500
3270.5,500
3271.5,500
3272.5,500
3273.5,500
3274.5,500
3275.5,500
3276.5,500
3277.5,500
3278.5,500
3279.5,500
3280.5,500
3281.5,500
3282.5,500
3283.5,500
3284.5,500
3285.5,500
3286.5,500
3287.5,500
3288.5,500
3289.5,500
3290.5,500
3291.5,500
3292.5,500
3293.5,500
3294.5,500
3295.5,500
3296.5,500
3297.5,500
3298.5,500
3299.5,500
3300.5,500
3301.5,500
3302.5,500
3303.5,500
3304.5,500
3305.5,500
3306.5,500
3307.5,500
3308.5,500
3309.5,500
3310.5,500
3311.5,500
3312.5,500
3313.5,500
3314.5,500
3315.5,500
3316.5,500
3317.5,500
3318.5,500
3319.5,500
3320.5,500
3321.5,500
3322.5,500
3323.5,500
3324.5,500
3325.5,500
3326.5,500
3327.5,500
3328.5,500
3329.5,500
3330.5,500
3331.5,500
3332.5,500
3333.5,500
3334.5,500
3335.5,500
3336.5,500
3337.5,500
3338.5,500
3339.5,500
3340.5,500
3341.5,500
3342.5,500
3343.5,500
3344.5,500
3345.5,500
3346.5,500
3347.5,500
3348.5,500
3349.5,500
3350.5,500
3351.5,500
3352.5,500
3353.5,500
3354.5,500
3355.5,500
3356.5,500
3357.5,500
3358.5,500
3359.5,500
3360.5,500
3361.5,500
3362.5,500
3363.5,500
3364.5,500
3365.5,500
3366.5,500
3367.5,500
3368.5,500
3369.5,500
3370.5,500
3371.5,500
3372.5,500
3373.5,500
3374.5,500
3375.5,500
3376.5,500
3377.5,500
3378.5,500
3379.5,500
3380.5,500
3381.5,500
3382.5,500
3383.5,500
3384.5,500
3385.5,500
3386.5,500
3387.5,500
3388.5,500
3389.5,500
3390.5,500
3391.5,500
3392.5,500
3393.5,500
3394.5,500
3395.5,500
3396.5,500
3397.5,500
3398.5,500
3399.5,500
3400.5,500
3401.5,500
3402.5,500
3403.5,500
3404.5,500
3405.5,500
3406.5,500
3407.5,500
3408.5,500
3409.5,500
3410.5,500
3411.5,500
3412.5,500
3413.5,500
3414.5,500
3415.5,500
3416.5,500
3417.5,500
3418.5,500
3419.5,500
3420.5,500
3421.5,500
3422.5,500
3423.5,500
3424.5,500
3425.5,500
3426.5,500
3427.5,500
3428.5,500
3429.5,500
3430.5,500
3431.5,500
3432.5,500
3433.5,500
3434.5,500
3435.5,500
3436.5,500
3437.5,500
3438.5,500
3439.5,500
3440.5,500
3441.5,500
3442.5,500
3443.5,500
3444.5,500
3445.5,500
3446.5,500
3447.5,500
3448.5,500
3449.5,500
3450.5,500
3451.5,500
3452.5,500
3453.5,500
3454.5,500
3455.5,500
3456.5,500
3457.5,500
3458.5,500
3459.5,500
3460.5,500
3461.5,500
3462.5,500
3463.5,500
3464.5,500
3465.5,500
3466.5,500
3467.5,500
3468.5,500
3469.5,500
3470.5,500
3471.5,500
3472.5,500
3473.5,500
3474.5,500
3475.5,500
3476.5,500
3477.5,500
3478.5,500
3479.5,500
3480.5,500
3481.5,500
3482.5,500
3483.5,500
3484.5,500
3485.5,500
3486.5,500
3487.5,500
3488.5,500
3489.5,500
3490.5,500
3491.5,500
3492.5,500
3493.5,500
3494.5,500
3495.5,500
3496.5,500
3497.5,500
3498.5,500
3499.5,500
3500.5,500
3501.5,500
3502.5,500
3503.5,500
3504.5,500
3505.5,500
3506.5,500
3507.5,500
3508.5,500
3509.5,500
3510.5,500
3511.5,500
3512.5,500
3513.5,500
3514.5,500
3515.5,500
3516.5,500
3517.5,500
3518.5,500
3519.5,500
3520.5,500
3521.5,500
3522.5,500
3523.5,500
3524.5,500
3525.5,500
3526.5,500
3527.5,500
3528.5,500
3529.5,500
3530.5,500
3531.5,500
3532.5,500
3533.5,500
3534.5,500
3535.5,500
3536.5,500
3537.5,500
3538.5,500
3539.5,500
3540.5,500
3541.5,500
3542.5,500
3543.5,500
3544.5,500
3545.5,500
3546.5,500
3547.5,500
3548.5,500
3549.5,500
3550.5,500
3551.5,500
3552.5,500
3553.5,500
3554.5,500
3555.5,500
3556.5,500
3557.5,500
3558.5,500
3559.5,500
3560.5,500
3561.5,500
3562.5,500
3563.5,500
3564.5,500
3565.5,500
3566.5,500
3567.5,500
3568.5,500
3569.5,500
3570.5,500
3571.5,500
3572.5,500
3573.5,500
3574.5,500
3575.5,500
3576.5,500
3577.5,500
3578.5,500
3579.5,500
3580.5,500
3581.5,500
3582.5,500
3583.5,500
3584.5,500
3585.5,500
3586.5,500
3587.5,500
3588.5,500
3589.5,500
3590.5,500
3591.5,500
3592.5,500
3593.5,500
3594.5,500
3595.5,500
3596.5,500
3597.5,500
3598.5,500
3599.5,500
3600.5,500
3601.5,500
3602.5,500
3603.5,500
3604.5,500
3605.5,500
3606.5,500
3607.5,500
3608.5,500
3609.5,500
3610.5,500
3611.5,500
3612.5,500
3613.5,500
3614.5,500
3615.5,500
3616.5,500
3617.5,500
3618.5,500
3619.5,500
3620.5,500
3621.5,500
3622.5,500
3623.5,500
3624.5,500
3625.5,500
3626.5,500
3627.5,500
3628.5,500
3629.5,500
3630.5,500
3631.5,500
3632.5,500
3633.5,500
3634.5,500
3635.5,500
3636.5,500
3637.5,500
3638.5,500
3639.5,500
3640.5,500
3641.5,500
3642.5,500
3643.5,500
3644.5,500
3645.5,500
3646.5,500
3647.5,500
3648.5,500
3649.5,500
3650.5,500
3651.5,500
3652.5,500
3653.5,500
3654.5,500
3655.5,500
3656.5,500
3657.5,500
3658.5,500
3659.5,500
3660.5,500
3661.5,500
3662.5,500
3663.5,500
3664.5,500
3665.5,500
3666.5,500
3667.5,500
3668.5,500
3669.5,500
3670.5,500
3671.5,500
3672.5,500
3673.5,500
3674.5,500
3675.5,500
3676.5,500
3677.5,500
3678.5,500
3679.5,500
3680.5,500
3681.5,500
3682.5,500
3683.5,500
3684.5,500
3685.5,500
3686.5,500
3687.5,500
3688.5,500
3689.5,500
3690.5,500
3691.5,500
3692.5,500
3693.5,500
3694.5,500
3695.5,500
3696.5,500
3697.5,500
3698.5,500
3699.5,500
3700.5,500
3701.5,500
3702.5,500
3703.5,500
3704.5,500
3705.5,500
3706.5,500
3707.5,500
3708.5,500
3709.5,500
3710.5,500
3711.5,500
3712.5,500
3713.5,500
3714.5,500
3715.5,500
3716.5,500
3717.5,500
3718.5,500
3719.5,500
3720.5,500
3721.5,500
3722.5,500
3723.5,500
3724.5,500
3725.5,500
3726.5,500
3727.5,500
3728.5,500
3729.5,500
3730.5,500
3731.5,500
3732.5,500
3733.5,500
3734.5,500
3735.5,500
3736.5,500
3737.5,500
3738.5,500
3739.5,500
3740.5,500
3741.5,500
3742.5,500
3743.5,500
3744.5,500
3745.5,500
3746.5,500
3747.5,500
3748.5,500
3749.5,500
3750.5,500
3751.5,500
3752.5,500
3753.5,500
3754.5,500
3755.5,500
3756.5,500
3757.5,500
3758.5,500
3759.5,500
3760.5,500
3761.5,500
3762.5,500
3763.5,500
3764.5,500
3765.5,500
3766.5,500
3767.5,500
3768.5,500
3769.5,500
3770.5,500
3771.5,500
3772.5,500
3773.5,500
3774.5,500
3775.5,500
3776.5,500
3777.5,500
3778.5,500
3779.5,500
3780.5,500
3781.5,500
3782.5,500
3783.5,500
3784.5,500
3785.5,500
3786.5,500
3787.5,500
3788.5,500
3789.5,500
3790.5,500
3791.5,500
3792.5,500
3793.5,500
3794.5,500
3795.5,500
3796.5,500
3797.5,500
3798.5,500
3799.5,500
3800.5,500
3801.5,500
3802.5,500
3803.5,500
3804.5,500
3805.5,500
3806.5,500
3807.5,500
3808.5,500
3809.5,500
3810.5,500
3811.5,500
3812.5,500
3813.5,500
3814.5,500
3815.5,500
3816.5,500
3817.5,500
3818.5,500
3819.5,500
3820.5,500
3821.5,500
3822.5,500
3823.5,500
3824.5,500
3825.5,500
3826.5,500
3827.5,500
3828.5,500
3829.5,500
3830.5,500
3831.5,500
3832.5,500
3833.5,500
3834.5,500
3835.5,500
3836.5,500
3837.5,500
3838.5,500
3839.5,500
3840.5,500
3841.5,500
3842.5,500
3843.5,500
3844.5,500
3845.5,500
3846.5,500
3847.5,500
3848.5,500
3849.5,500
3850.5,500
3851.5,500
3852.5,500
3853.5,500
3854.5,500
3855.5,500
3856.5,500
3857.5,500
3858.5,500
3859.5,500
3860.5,500
3861.5,500
3862.5,500
3863.5,500
3864.5,500
3865.5,500
3866.5,500
3867.5,500
3868.5,500
3869.5,500
3870.5,500
3871.5,500
3872.5,500
3873.5,500
3874.5,500
3875.5,500
3876.5,500
3877.5,500
3878.5,500
3879.5,500
3880.5,500
3881.5,500
3882.5,500
3883.5,500
3884.5,500
3885.5,500
3886.5,500
3887.5,500
3888.5,500
3889.5,500
3890.5,500
3891.5,500
3892.5,500
3893.5,500
3894.5,500
3895.5,500
3896.5,500
3897.5,500
3898.5,500
3899.5,500
3900.5,500
3901.5,500
3902.5,500
3903.5,500
3904.5,500
3905.5,500
3906.5,500
3907.5,500
3908.5,500
3909.5,500
3910.5,500
3911.5,500
3912.5,500
3913.5,500
3914.5,500
3915.5,500
3916.5,500
3917.5,500
3918.5,500
3919.5,500
3920.5,500
3921.5,500
3922.5,500
3923.5,500
3924.5,500
3925.5,500
3926.5,500
3927.5,500
3928.5,500
3929.5,500
3930.5,500
3931.5,500
3932.5,500
3933.5,500
3934.5,500
3935.5,500
3936.5,500
3937.5,500
3938.5,500
3939.5,500
3940.5,500
3941.5,500
3942.5,500
3943.5,500
3944.5,500
3945.5,500
3946.5,500
3947.5,500
3948.5,500
3949.5,500
3950.5,500
3951.5,500
3952.5,500
3953.5,500
3954.5,500
3955.5,500
3956.5,500
3957.5,500
3958.5,500
3959.5,500
3960.5,500
3961.5,500
3962.5,500
3963.5,500
3964.5,500
3965.5,500
3966.5,500
3967.5,500
3968.5,500
3969.5,500
3970.5,500
3971.5,500
3972.5,500
3973.5,500
3974.5,500
3975.5,500
3976.5,500
3977.5,500
3978.5,500
3979.5,500
3980.5,500
3981.5,500
3982.5,500
3983.5,500
3984.5,500
3985.5,500
3986.5,500
3987.5,500
3988.5,500
3989.5,500
3990.5,500
3991.5,500
3992.5,500
3993.5,500
3994.5,500
3995.5,500
3996.5,500
3997.5,500
3998.5,500
3999.5,500
4000.5,500
4001.5,500
4002.5,500
4003.5,500
4004.5,500
4005.5,500
4006.5,500
4007.5,500
4008.5,500
4009.5,500
4010.5,500
4011.5,500
4012.5,500
4013.5,500
4014.5,500
4015.5,500
4016.5,500
4017.5,500
4018.5,500
4019.5,500
4020.5,500
4021.5,500
4022.5,500
4023.5,500
4024.5,500
4025.5,500
4026.5,500
4027.5,500
4028.5,500
4029.5,500
4030.5,500
4031.5,500
4032.5,500
4033.5,500
4034.5,500
4035.5,500
4036.5,500
4037.5,500
4038.5,500
4039.5,500
4040.5,500
4041.5,500
4042.5,500
4043.5,500
4044.5,500
4045.5,500
4046.5,500
4047.5,500
4048.5,500
4049.5,500
4050.5,500
4051.5,500
4052.5,500
4053.5,500
4054.5,500
4055.5,500
4056.5,500
4057.5,500
4058.5,500
4059.5,500
4060.5,500
4061.5,500
4062.5,500
4063.5,500
4064.5,500
4065.5,500
4066.5,500
4067.5,500
4068.5,500
4069.5,500
4070.5,500
4071.5,500
4072.5,500
4073.5,500
4074.5,500
4075.5,500
4076.5,500
4077.5,500
4078.5,500
4079.5,500
4080.5,500
4081.5,500
4082.5,500
4083.5,500
4084.5,500
4085.5,500
4086.5,500
4087.5,500
4088.5,500
4089.5,500
4090.5,500
4091.5,500
4092.5,500
4093.5,500
4094.5,500
4095.5,500
4096.5,500
4097.5,500
4098.5,500
4099.5,500
4100.5,500
4101.5,500
4102.5,500
4103.5,500
4104.5,500
4105.5,500
4106.5,500
4107.5,500
4108.5,500
4109.5,500
4110.5,500
4111.5,500
4112.5,500
4113.5,500
4114.5,500
4115.5,500
4116.5,500
4117.5,500
4118.5,500
4119.5,500
4120.5,500
4121.5,500
4122.5,500
4123.5,500
4124.5,500
4125.5,500
4126.5,500
4127.5,500
4128.5,500
4129.5,500
4130.5,500
4131.5,500
4132.5,500
4133.5,500
4134.5,500
4135.5,500
4136.5,500
4137.5,500
4138.5,500
4139.5,500
4140.5,500
4141.5,500
4142.5,500
4143.5,500
4144.5,500
4145.5,500
4146.5,500
4147.5,500
4148.5,500
4149.5,500
4150.5,500
4151.5,500
4152.5,500
4153.5,500
4154.5,500
4155.5,500
4156.5,500
4157.5,500
4158.5,500
4159.5,500
4160.5,500
4161.5,500
4162.5,500
4163.5,500
4164.5,500
4165.5,500
4166.5,500
4167.5,500
4168.5,500
4169.5,500
4170.5,500
4171.5,500
4172.5,500
4173.5,500
4174.5,500
4175.5,500
4176.5,500
4177.5,500
4178.5,500
4179.5,500
4180.5,500
4181.5,500
4182.5,500
4183.5,500
4184.5,500
4185.5,500
4186.5,500
4187.5,500
4188.5,500
4189.5,500
4190.5,500
4191.5,500
4192.5,500
4193.5,500
4194.5,500
4195.5,500
4196.5,500
4197.5,500
4198.5,500
4199.5,500
4200.5,500
4201.5,500
4202.5,500
4203.5,500
4204.5,500
4205.5,500
4206.5,500
4207.5,500
4208.5,500
4209.5,500
4210.5,500
4211.5,500
4212.5,500
4213.5,500
4214.5,500
4215.5,500
4216.5,500
4217.5,500
4218.5,500
4219.5,500
4220.5,500
4221.5,500
4222.5,500
4223.5,500
4224.5,500
4225.5,500
4226.5,500
4227.5,500
4228.5,500
4229.5,500
4230.5,500
4231.5,500
4232.5,500
4233.5,500
4234.5,500
4235.5,500
4236.5,500
4237.5,500
4238.5,500
4239.5,500
4240.5,500
4241.5,500
4242.5,500
4243.5,500
4244.5,500
4245.5,500
4246.5,500
4247.5,500
4248.5,500
4249.5,500
4250.5,500
4251.5,500
4252.5,500
4253.5,500
4254.5,500
4255.5,500
4256.5,500
4257.5,500
4258.5,500
4259.5,500
4260.5,500
4261.5,500
4262.5,500
4263.5,500
4264.5,500
4265.5,500
4266.5,500
4267.5,500
4268.5,500
4269.5,500
4270.5,500
4271.5,500
4272.5,500
4273.5,500
4274.5,500
4275.5,500
4276.5,500
4277.5,500
4278.5,500
4279.5,500
4280.5,500
4281.5,500
4282.5,500
4283.5,500
4284.5,500
4285.5,500
4286.5,500
4287.5,500
4288.5,500
4289.5,500
4290.5,500
4291.5,500
4292.5,500
4293.5,500
4294.5,500
4295.5,500
4296.5,500
4297.5,500
4298.5,500
4299.5,500
4300.5,500
4301.5,500
4302.5,500
4303.5,500
4304.5,500
4305.5,500
4306.5,500
4307.5,500
4308.5,500
4309.5,500
4310.5,500
4311.5,500
4312.5,500
4313.5,500
4314.5,500
4315.5,500
4316.5,500
4317.5,500
4318.5,500
4319.5,500
4320.5,500
4321.5,500
4322.5,500
4323.5,500
4324.5,500
4325.5,500
4326.5,500
4327.5,500
4328.5,500
4329.5,500
4330.5,500
4331.5,500
4332.5,500
4333.5,500
4334.5,500
4335.5,500
4336.5,500
4337.5,500
4338.5,500
4339.5,500
4340.5,500
4341.5,500
4342.5,500
4343.5,500
4344.5,500
4345.5,500
4346.5,500
4347.5,500
4348.5,500
4349.5,500
4350.5,500
4351.5,500
4352.5,500
4353.5,500
4354.5,500
4355.5,500
4356.5,500
4357.5,500
4358.5,500
4359.5,500
4360.5,500
4361.5,500
4362.5,500
4363.5,500
4364.5,500
4365.5,500
4366.5,500
4367.5,500
4368.5,500
4369.5,500
4370.5,500
4371.5,500
4372.5,500
4373.5,500
4374.5,500
4375.5,500
4376.5,500
4377.5,500
4378.5,500
4379.5,500
4380.5,500
4381.5,500
4382.5,500
4383.5,500
4384.5,500
4385.5,500
4386.5,500
4387.5,500
4388.5,500
4389.5,500
4390.5,500
4391.5,500
4392.5,500
4393.5,500
4394.5,500
4395.5,500
4396.5,500
4397.5,500
4398.5,500
4399.5,500
4400.5,500
4401.5,500
4402.5,500
4403.5,500
4404.5,500
4405.5,500
4406.5,500
4407.5,500
4408.5,500
4409.5,500
4410.5,500
4411.5,500
4412.5,500
4413.5,500
4414.5,500
4415.5,500
4416.5,500
4417.5,500
4418.5,500
4419.5,500
4420.5,500
4421.5,500
4422.5,500
4423.5,500
4424.5,500
4425.5,500
4426.5,500
4427.5,500
4428.5,500
4429.5,500
4430.5,500
4431.5,500
4432.5,500
4433.5,500
4434.5,500
4435.5,500
4436.5,500
4437.5,500
4438.5,500
4439.5,500
4440.5,500
4441.5,500
4442.5,500
4443.5,500
4444.5,500
4445.5,500
4446.5,500
4447.5,500
4448.5,500
4449.5,500
4450.5,500
4451.5,500
4452.5,500
4453.5,500
4454.5,500
4455.5,500
4456.5,500
4457.5,500
4458.5,500
4459.5,500
4460.5,500
4461.5,500
4462.5,500
4463.5,500
4464.5,500
4465.5,500
4466.5,500
4467.5,500
4468.5,500
4469.5,500
4470.5,500
4471.5,500
4472.5,500
4473.5,500
4474.5,500
4475.5,500
4476.5,500
4477.5,500
4478.5,500
4479.5,500
4480.5,500
4481.5,500
4482.5,500
4483.5,500
4484.5,500
4485.5,500
4486.5,500
4487.5,500
4488.5,500
4489.5,500
4490.5,500
4491.5,500
4492.5,500
4493.5,500
4494.5,500
4495.5,500
4496.5,500
4497.5,500
4498.5,500
4499.5,500
4500.5,500
4501.5,500
4502.5,500
4503.5,500
4504.5,500
4505.5,500
4506.5,500
4507.5,500
4508.5,500
4509.5,500
4510.5,500
4511.5,500
4512.5,500
4513.5,500
4514.5,500
4515.5,500
4516.5,500
4517.5,500
4518.5,500
4519.5,500
4520.5,500
4521.5,500
4522.5,500
4523.5,500
4524.5,500
4525.5,500
4526.5,500
4527.5,500
4528.5,500
4529.5,500
4530.5,500
4531.5,500
4532.5,500
4533.5,500
4534.5,500
4535.5,500
4536.5,500
4537.5,500
4538.5,500
4539.5,500
4540.5,500
4541.5,500
4542.5,500
4543.5,500
4544.5,500
4545.5,500
4546.5,500
4547.5,500
4548.5,500
4549.5,500
4550.5,500
4551.5,500
4552.5,500
4553.5,500
4554.5,500
4555.5,500
4556.5,500
4557.5,500
4558.5,500
4559.5,500
4560.5,500
4561.5,500
4562.5,500
4563.5,500
4564.5,500
4565.5,500
4566.5,500
4567.5,500
4568.5,500
4569.5,500
4570.5,500
4571.5,500
4572.5,500
4573.5,500
4574.5,500
4575.5,500
4576.5,500
4577.5,500
4578.5,500
4579.5,500
4580.5,500
4581.5,500
4582.5,500
4583.5,500
4584.5,500
4585.5,500
4586.5,500
4587.5,500
4588.5,500
4589.5,500
4590.5,500
4591.5,500
4592.5,500
4593.5,500
4594.5,500
4595.5,500
4596.5,500
4597.5,500
4598.5,500
4599.5,500
4600.5,500
4601.5,500
4602.5,500
4603.5,500
4604.5,500
4605.5,500
4606.5,500
4607.5,500
4608.5,500
4609.5,500
4610.5,500
4611.5,500
4612.5,500
4613.5,500
4614.5,500
4615.5,500
4616.5,500
4617.5,500
4618.5,500
4619.5,500
4620.5,500
4621.5,500
4622.5,500
4623.5,500
4624.5,500
4625.5,500
4626.5,500
4627.5,500
4628.5,500
4629.5,500
4630.5,500
4631.5,500
4632.5,500
4633.5,500
4634.5,500
4635.5,500
4636.5,500
4637.5,500
4638.5,500
4639.5,500
4640.5,500
4641.5,500
4642.5,500
4643.5,500
4644.5,500
4645.5,500
4646.5,500
4647.5,500
4648.5,500
4649.5,500
4650.5,500
4651.5,500
4652.5,500
4653.5,500
4654.5,500
4655.5,500
4656.5,500
4657.5,500
4658.5,500
4659.5,500
4660.5,500
4661.5,500
4662.5,500
4663.5,500
4664.5,500
4665.5,500
4666.5,500
4667.5,500
4668.5,500
4669.5,500
4670.5,500
4671.5,500
4672.5,500
4673.5,500
4674.5,500
4675.5,500
4676.5,500
4677.5,500
4678.5,500
4679.5,500
4680.5,500
4681.5,500
4682.5,500
4683.5,500
4684.5,500
4685.5,500
4686.5,500
4687.5,500
4688.5,500
4689.5,500
4690.5,500
4691.5,500
4692.5,500
4693.5,500
4694.5,500
4695.5,500
4696.5,500
4697.5,500
4698.5,500
4699.5,500
4700.5,500
4701.5,500
4702.5,500
4703.5,500
4704.5,500
4705.5,500
4706.5,500
4707.5,500
4708.5,500
4709.5,500
4710.5,500
4711.5,500
4712.5,500
4713.5,500
4714.5,500
4715.5,500
4716.5,500
4717.5,500
4718.5,500
4719.5,500
4720.5,500
4721.5,500
4722.5,500
4723.5,500
4724.5,500
4725.5,500
4726.5,500
4727.5,500
4728.5,500
4729.5,500
4730.5,500
4731.5,500
4732.5,500
4733.5,500
4734.5,500
4735.5,500
4736.5,500
4737.5,500
4738.5,500
4739.5,500
4740.5,500
4741.5,500
4742.5,500
4743.5,500
4744.5,500
4745.5,500
4746.5,500
4747.5,500
4748.5,500
4749.5,500
4750.5,500
4751.5,500
4752.5,500
4753.5,500
4754.5,500
4755.5,500
4756.5,500
4757.5,500
4758.5,500
4759.5,500
4760.5,500
4761.5,500
4762.5,500
4763.5,500
4764.5,500
4765.5,500
4766.5,500
4767.5,500
4768.5,500
4769.5,500
4770.5,500
4771.5,500
4772.5,500
4773.5,500
4774.5,500
4775.5,500
4776.5,500
4777.5,500
4778.5,500
4779.5,500
4780.5,500
4781.5,500
4782.5,500
4783.5,500
4784.5,500
4785.5,500
4786.5,500
4787.5,500
4788.5,500
4789.5,500
4790.5,500
4791.5,500
4792.5,500
4793.5,500
4794.5,500
4795.5,500
4796.5,500
4797.5,500
4798.5,500
4799.5,500
4800.5,500
4801.5,500
4802.5,500
4803.5,500
4804.5,500
4805.5,500
4806.5,500
4807.5,500
4808.5,500
4809.5,500
4810.5,500
4811.5,500
4812.5,500
4813.5,500
4814.5,500
4815.5,500
4816.5,500
4817.5,500
4818.5,500
4819.5,500
4820.5,500
4821.5,500
4822.5,500
4823.5,500
4824.5,500
4825.5,500
4826.5,500
4827.5,500
4828.5,500
4829.5,500
4830.5,500
4831.5,500
4832.5,500
4833.5,500
4834.5,500
4835.5,500
4836.5,500
4837.5,500
4838.5,500
4839.5,500
4840.5,500
4841.5,500
4842.5,500
4843.5,500
4844.5,500
4845.5,500
4846.5,500
4847.5,500
4848.5,500
4849.5,500
4850.5,500
4851.5,500
4852.5,500
4853.5,500
4854.5,500
4855.5,500
4856.5,500
4857.5,500
4858.5,500
4859.5,500
4860.5,500
4861.5,500
4862.5,500
4863.5,500
4864.5,500
4865.5,500
4866.5,500
4867.5,500
4868.5,500
4869.5,500
4870.5,500
4871.5,500
4872.5,500
4873.5,500
4874.5,500
4875.5,500
4876.5,500
4877.5,500
4878.5,500
4879.5,500
4880.5,500
4881.5,500
4882.5,500
4883.5,500
4884.5,500
4885.5,500
4886.5,500
4887.5,500
4888.5,500
4889.5,500
4890.5,500
4891.5,500
4892.5,500
4893.5,500
4894.5,500
4895.5,500
4896.5,500
4897.5,500
4898.5,500
4899.5,500
4900.5,500
4901.5,500
4902.5,500
4903.5,500
4904.5,500
4905.5,500
4906.5,500
4907.5,500
4908.5,500
4909.5,500
4910.5,500
4911.5,500
4912.5,500
4913.5,500
4914.5,500
4915.5,500
4916.5,500
4917.5,500
4918.5,500
4919.5,500
4920.5,500
4921.5,500
4922.5,500
4923.5,500
4924.5,500
4925.5,500
4926.5,500
4927.5,500
4928.5,500
4929.5,500
4930.5,500
4931.5,500
4932.5,500
4933.5,500
4934.5,500
4935.5,500
4936.5,500
4937.5,500
4938.5,500
4939.5,500
4940.5,500
4941.5,500
4942.5,500
4943.5,500
4944.5,500
4945.5,500
4946.5,500
4947.5,500
4948.5,500
4949.5,500
4950.5,500
4951.5,500
4952.5,500
4953.5,500
4954.5,500
4955.5,500
4956.5,500
4957.5,500
4958.5,500
4959.5,500
4960.5,500
4961.5,500
4962.5,500
4963.5,500
4964.5,500
4965.5,500
4966.5,500
4967.5,500
4968.5,500
4969.5,500
4970.5,500
4971.5,500
4972.5,500
4973.5,500
4974.5,500
4975.5,500
4976.5,500
4977.5,500
4978.5,500
4979.5,500
4980.5,500
4981.5,500
4982.5,500
4983.5,500
4984.5,500
4985.5,500
4986.5,500
4987.5,500
4988.5,500
4989.5,500
4990.5,500
4991.5,500
4992.5,500
4993.5,500
4994.5,500
4995.5,500
4996.5,500
4997.5,500
4998.5,500
4999.5,500
5000.5,500
5001.5,500
5002.5,500
5003.5,500
5004.5,500
5005.5,500
5006.5,500
5007.5,500
5008.5,500
5009.5,500
5010.5,500
5011.5,500
5012.5,500
5013.5,500
5014.5,500
5015.5,500
5016.5,500
5017.5,500
5018.5,500
5019.5,500
5020.5,500
5021.5,500
5022.5,500
5023.5,500
5024.5,500
5025.5,500
5026.5,500
5027.5,500
5028.5,500
5029.5,500
5030.5,500
5031.5,500
5032.5,500
5033.5,500
5034.5,500
5035.5,500
5036.5,500
5037.5,500
5038.5,500
5039.5,500
5040.5,500
5041.5,500
5042.5,500
5043.5,500
5044.5,500
5045.5,500
5046.5,500
5047.5,500
5048.5,500
5049.5,500
5050.5,500
5051.5,500
5052.5,500
5053.5,500
5054.5,500
5055.5,500
5056.5,500
5057.5,500
5058.5,500
5059.5,500
5060.5,500
5061.5,500
5062.5,500
5063.5,500
5064.5,500
5065.5,500
5066.5,500
5067.5,500
5068.5,500
5069.5,500
5070.5,500
5071.5,500
5072.5,500
5073.5,500
5074.5,500
5075.5,500
5076.5,500
5077.5,500
5078.5,500
5079.5,500
5080.5,500
5081.5,500
5082.5,500
5083.5,500
5084.5,500
5085.5,500
5086.5,500
5087.5,500
5088.5,500
5089.5,500
5090.5,500
5091.5,500
5092.5,500
5093.5,500
5094.5,500
5095.5,500
5096.5,500
5097.5,500
5098.5,500
5099.5,500
5100.5,500
5101.5,500
5102.5,500
5103.5,500
5104.5,500
5105.5,500
5106.5,500
5107.5,500
5108.5,500
5109.5,500
5110.5,500
5111.5,500
5112.5,500
5113.5,500
5114.5,500
5115.5,500
5116.5,500
5117.5,500
5118.5,500
5119.5,500
5120.5,500
5121.5,500
5122.5,500
5123.5,500
5124.5,500
5125.5,500
5126.5,500
5127.5,500
5128.5,500
5129.5,500
5130.5,500
5131.5,500
5132.5,500
5133.5,500
5134.5,500
5135.5,500
5136.5,500
5137.5,500
5138.5,500
5139.5,500
5140.5,500
5141.5,500
5142.5,500
5143.5,500
5144.5,500
5145.5,500
5146.5,500
5147.5,500
5148.5,500
5149.5,500
5150.5,500
5151.5,500
5152.5,500
5153.5,500
5154.5,500
5155.5,500
5156.5,500
5157.5,500
5158.5,500
5159.5,500
5160.5,500
5161.5,500
5162.5,500
5163.5,500
5164.5,500
5165.5,500
5166.5,500
5167.5,500
5168.5,500
5169.5,500
5170.5,500
5171.5,500
5172.5,500
5173.5,500
5174.5,500
5175.5,500
5176.5,500
5177.5,500
5178.5,500
5179.5,500
5180.5,500
5181.5,500
5182.5,500
5183.5,500
5184.5,500
5185.5,500
5186.5,500
5187.5,500
5188.5,500
5189.5,500
5190.5,500
5191.5,500
5192.5,500
5193.5,500
5194.5,500
5195.5,500
5196.5,500
5197.5,500
5198.5,500
5199.5,500
5200.5,500
5201.5,500
5202.5,500
5203.5,500
5204.5,500
5205.5,500
5206.5,500
5207.5,500
5208.5,500
5209.5,500
5210.5,500
5211.5,500
5212.5,500
5213.5,500
5214.5,500
5215.5,500
5216.5,500
5217.5,500
5218.5,500
5219.5,500
5220.5,500
5221.5,500
5222.5,500
5223.5,500
5224.5,500
5225.5,500
5226.5,500
5227.5,500
5228.5,500
5229.5,500
5230.5,500
5231.5,500
5232.5,500
5233.5,500
5234.5,500
5235.5,500
5236.5,500
5237.5,500
5238.5,500
5239.5,500
5240.5,500
5241.5,500
5242.5,500
5243.5,500
5244.5,500
5245.5,500
5246.5,500
5247.5,500
5248.5,500
5249.5,500
5250.5,500
5251.5,500
5252.5,500
5253.5,500
5254.5,500
5255.5,500
5256.5,500
5257.5,500
5258.5,500
5259.5,500
5260.5,500
5261.5,500
5262.5,500
5263.5,500
5264.5,500
5265.5,500
5266.5,500
5267.5,500
5268.5,500
5269.5,500
5270.5,500
5271.5,500
5272.5,500
5273.5,500
5274.5,500
5275.5,500
5276.5,500
5277.5,500
5278.5,500
5279.5,500
5280.5,500
5281.5,500
5282.5,500
5283.5,500
5284.5,500
5285.5,500
5286.5,500
5287.5,500
5288.5,500
5289.5,500
5290.5,500
5291.5,500
5292.5,500
5293.5,500
5294.5,500
5295.5,500
5296.5,500
5297.5,500
5298.5,500
5299.5,500
5300.5,500
5301.5,500
5302.5,500
5303.5,500
5304.5,500
5305.5,500
5306.5,500
5307.5,500
5308.5,500
5309.5,500
5310.5,500
5311.5,500
5312.5,500
5313.5,500
5314.5,500
5315.5,500
5316.5,500
5317.5,500
5318.5,500
5319.5,500
5320.5,500
5321.5,500
5322.5,500
5323.5,500
5324.5,500
5325.5,500
5326.5,500
5327.5,500
5328.5,500
5329.5,500
5330.5,500
5331.5,500
5332.5,500
5333.5,500
5334.5,500
5335.5,500
5336.5,500
5337.5,500
5338.5,500
5339.5,500
5340.5,500
5341.5,500
5342.5,500
5343.5,500
5344.5,500
5345.5,500
5346.5,500
5347.5,500
5348.5,500
5349.5,500
5350.5,500
5351.5,500
5352.5,500
5353.5,500
5354.5,500
5355.5,500
5356.5,500
5357.5,500
5358.5,500
5359.5,500
5360.5,500
5361.5,500
5362.5,500
5363.5,500
5364.5,500
5365.5,500
5366.5,500
5367.5,500
5368.5,500
5369.5,500
5370.5,500
5371.5,500
5372.5,500
5373.5,500
5374.5,500
5375.5,500
5376.5,500
5377.5,500
5378.5,500
5379.5,500
5380.5,500
5381.5,500
5382.5,500
5383.5,500
5384.5,500
5385.5,500
5386.5,500
5387.5,500
5388.5,500
5389.5,500
5390.5,500
5391.5,500
5392.5,500
5393.5,500
5394.5,500
5395.5,500
5396.5,500
5397.5,500
5398.5,500
5399.5,500
5400.5,500
5401.5,500
5402.5,500
5403.5,500
5404.5,500
5405.5,500
5406.5,500
5407.5,500
5408.5,500
5409.5,500
5410.5,500
5411.5,500
5412.5,500
5413.5,500
5414.5,500
5415.5,500
5416.5,500
5417.5,500
5418.5,500
5419.5,500
5420.5,500
5421.5,500
5422.5,500
5423.5,500
5424.5,500
5425.5,500
5426.5,500
5427.5,500
5428.5,500
5429.5,500
5430.5,500
5431.5,500
5432.5,500
5433.5,500
5434.5,500
5435.5,500
5436.5,500
5437.5,500
5438.5,500
5439.5,500
5440.5,500
5441.5,500
5442.5,500
5443.5,500
5444.5,500
5445.5,500
5446.5,500
5447.5,500
5448.5,500
5449.5,500
5450.5,500
5451.5,500
5452.5,500
5453.5,500
5454.5,500
5455.5,500
5456.5,500
5457.5,500
5458.5,500
5459.5,500
5460.5,500
5461.5,500
5462.5,500
5463.5,500
5464.5,500
5465.5,500
5466.5,500
5467.5,500
5468.5,500
5469.5,500
5470.5,500
5471.5,500
5472.5,500
5473.5,500
5474.5,500
5475.5,500
5476.5,500
5477.5,500
5478.5,500
5479.5,500
5480.5,500
5481.5,500
5482.5,500
5483.5,500
5484.5,500
5485.5,500
5486.5,500
5487.5,500
5488.5,500
5489.5,500
5490.5,500
5491.5,500
5492.5,500
5493.5,500
5494.5,500
5495.5,500
5496.5,500
5497.5,500
5498.5,500
5499.5,500
5500.5,500
5501.5,500
5502.5,500
5503.5,500
5504.5,500
5505.5,500
5506.5,500
5507.5,500
5508.5,500
5509.5,500
5510.5,500
5511.5,500
5512.5,500
5513.5,500
5514.5,500
5515.5,500
5516.5,500
5517.5,500
5518.5,500
5519.5,500
5520.5,500
5521.5,500
5522.5,500
5523.5,500
5524.5,500
5525.5,500
5526.5,500
5527.5,500
5528.5,500
5529.5,500
5530.5,500
5531.5,500
5532.5,500
5533.5,500
5534.5,500
5535.5,500
5536.5,500
5537.5,500
5538.5,500
5539.5,500
5540.5,500
5541.5,500
5542.5,500
5543.5,500
5544.5,500
5545.5,500
5546.5,500
5547.5,500
5548.5,500
5549.5,500
5550.5,500
5551.5,500
5552.5,500
5553.5,500
5554.5,500
5555.5,500
5556.5,500
5557.5,500
5558.5,500
5559.5,500
5560.5,500
5561.5,500
5562.5,500
5563.5,500
5564.5,500
5565.5,500
5566.5,500
5567.5,500
5568.5,500
5569.5,500
5570.5,500
5571.5,500
5572.5,500
5573.5,500
5574.5,500
5575.5,500
5576.5,500
5577.5,500
5578.5,500
5579.5,500
5580.5,500
5581.5,500
5582.5,500
5583.5,500
5584.5,500
5585.5,500
5586.5,500
5587.5,500
5588.5,500
5589.5,500
5590.5,500
5591.5,500
5592.5,500
5593.5,500
5594.5,500
5595.5,500
5596.5,500
5597.5,500
5598.5,500
5599.5,500
5600.5,500
5601.5,500
5602.5,500
5603.5,500
5604.5,500
5605.5,500
5606.5,500
5607.5,500
5608.5,500
5609.5,500
5610.5,500
5611.5,500
5612.5,500
5613.5,500
5614.5,500
5615.5,500
5616.5,500
5617.5,500
5618.5,500
5619.5,500
5620.5,500
5621.5,500
5622.5,500
5623.5,500
5624.5,500
5625.5,500
5626.5,500
5627.5,500
5628.5,500
5629.5,500
5630.5,500
5631.5,500
5632.5,500
5633.5,500
5634.5,500
5635.5,500
5636.5,500
5637.5,500
5638.5,500
5639.5,500
5640.5,500
5641.5,500
5642.5,500
5643.5,500
5644.5,500
5645.5,500
5646.5,500
5647.5,500
5648.5,500
5649.5,500
5650.5,500
5651.5,500
5652.5,500
5653.5,500
5654.5,500
5655.5,500
5656.5,500
5657.5,500
5658.5,500
5659.5,500
5660.5,500
5661.5,500
5662.5,500
5663.5,500
5664.5,500
5665.5,500
5666.5,500
5667.5,500
5668.5,500
5669.5,500
5670.5,500
5671.5,500
5672.5,500
5673.5,500
5674.5,500
5675.5,500
5676.5,500
5677.5,500
5678.5,500
5679.5,500
5680.5,500
5681.5,500
5682.5,500
5683.5,500
5684.5,500
5685.5,500
5686.5,500
5687.5,500
5688.5,500
5689.5,500
5690.5,500
5691.5,500
5692.5,500
5693.5,500
5694.5,500
5695.5,500
5696.5,500
5697.5,500
5698.5,500
5699.5,500
5700.5,500
5701.5,500
5702.5,500
5703.5,500
5704.5,500
5705.5,500
5706.5,500
5707.5,500
5708.5,500
5709.5,500
5710.5,500
5711.5,500
5712.5,500
5713.5,500
5714.5,500
5715.5,500
5716.5,500
5717.5,500
5718.5,500
5719.5,500
5720.5,500
5721.5,500
5722.5,500
5723.5,500
5724.5,500
5725.5,500
5726.5,500
5727.5,500
5728.5,500
5729.5,500
5730.5,500
5731.5,500
5732.5,500
5733.5,500
5734.5,500
5735.5,500
5736.5,500
5737.5,500
5738.5,500
5739.5,500
5740.5,500
5741.5,500
5742.5,500
5743.5,500
5744.5,500
5745.5,500
5746.5,500
5747.5,500
5748.5,500
5749.5,500
5750.5,500
5751.5,500
5752.5,500
5753.5,500
5754.5,500
5755.5,500
5756.5,500
5757.5,500
5758.5,500
5759.5,500
5760.5,500
5761.5,500
5762.5,500
5763.5,500
5764.5,500
5765.5,500
5766.5,500
5767.5,500
5768.5,500
5769.5,500
5770.5,500
5771.5,500
5772.5,500
5773.5,500
5774.5,500
5775.5,500
5776.5,500
5777.5,500
5778.5,500
5779.5,500
5780.5,500
5781.5,500
5782.5,500
5783.5,500
5784.5,500
5785.5,500
5786.5,500
5787.5,500
5788.5,500
5789.5,500
5790.5,500
5791.5,500
5792.5,500
5793.5,500
5794.5,500
5795.5,500
5796.5,500
5797.5,500
5798.5,500
5799.5,500
5800.5,500
5801.5,500
5802.5,500
5803.5,500
5804.5,500
5805.5,500
5806.5,500
5807.5,500
5808.5,500
5809.5,500
5810.5,500
5811.5,500
5812.5,500
5813.5,500
5814.5,500
5815.5,500
5816.5,500
5817.5,500
5818.5,500
5819.5,500
5820.5,500
5821.5,500
5822.5,500
5823.5,500
5824.5,500
5825.5,500
5826.5,500
5827.5,500
5828.5,500
5829.5,500
5830.5,500
5831.5,500
5832.5,500
5833.5,500
5834.5,500
5835.5,500
5836.5,500
5837.5,500
5838.5,500
5839.5,500
5840.5,500
5841.5,500
5842.5,500
5843.5,500
5844.5,500
5845.5,500
5846.5,500
5847.5,500
5848.5,500
5849.5,500
5850.5,500
5851.5,500
5852.5,500
5853.5,500
5854.5,500
5855.5,500
5856.5,500
5857.5,500
5858.5,500
5859.5,500
5860.5,500
5861.5,500
5862.5,500
5863.5,500
5864.5,500
5865.5,500
5866.5,500
5867.5,500
5868.5,500
5869.5,500
5870.5,500
5871.5,500
5872.5,500
5873.5,500
5874.5,500
5875.5,500
5876.5,500
5877.5,500
5878.5,500
5879.5,500
5880.5,500
5881.5,500
5882.5,500
5883.5,500
5884.5,500
5885.5,500
5886.5,500
5887.5,500
5888.5,500
5889.5,500
5890.5,500
5891.5,500
5892.5,500
5893.5,500
5894.5,500
5895.5,500
5896.5,500
5897.5,500
5898.5,500
5899.5,500
5900.5,500
5901.5,500
5902.5,500
5903.5,500
5904.5,500
5905.5,500
5906.5,500
5907.5,500
5908.5,500
5909.5,500
5910.5,500
5911.5,500
5912.5,500
5913.5,500
5914.5,500
5915.5,500
5916.5,500
5917.5,500
5918.5,500
5919.5,500
5920.5,500
5921.5,500
5922.5,500
5923.5,500
5924.5,500
5925.5,500
5926.5,500
5927.5,500
5928.5,500
5929.5,500
5930.5,500
5931.5,500
5932.5,500
5933.5,500
5934.5,500
5935.5,500
5936.5,500
5937.5,500
5938.5,500
5939.5,500
5940.5,500
5941.5,500
5942.5,500
5943.5,500
5944.5,500
5945.5,500
5946.5,500
5947.5,500
5948.5,500
5949.5,500
5950.5,500
5951.5,500
5952.5,500
5953.5,500
5954.5,500
5955.5,500
5956.5,500
5957.5,500
5958.5,500
5959.5,500
5960.5,500
5961.5,500
5962.5,500
5963.5,500
5964.5,500
5965.5,500
5966.5,500
5967.5,500
5968.5,500
5969.5,500
5970.5,500
5971.5,500
5972.5,500
5973.5,500
5974.5,500
5975.5,500
5976.5,500
5977.5,500
5978.5,500
5979.5,500
5980.5,500
5981.5,500
5982.5,500
5983.5,500
5984.5,500
5985.5,500
5986.5,500
5987.5,500
5988.5,500
5989.5,500
5990.5,500
5991.5,500
5992.5,500
5993.5,500
5994.5,500
5995.5,500
5996.5,500
5997.5,500
5998.5,500
5999.5,500
6000.5,500
6001.5,500
6002.5,500
6003.5,500
6004.5,500
6005.5,500
6006.5,500
6007.5,500
6008.5,500
6009.5,500
6010.5,500
6011.5,500
6012.5,500
6013.5,500
6014.5,500
6015.5,500
6016.5,500
6017.5,500
6018.5,500
6019.5,500
6020.5,500
6021.5,500
6022.5,500
6023.5,500
6024.5,500
6025.5,500
6026.5,500
6027.5,500
6028.5,500
6029.5,500
6030.5,500
6031.5,500
6032.5,500
6033.5,500
6034.5,500
6035.5,500
6036.5,500
6037.5,500
6038.5,500
6039.5,500
6040.5,500
6041.5,500
6042.5,500
6043.5,500
6044.5,500
6045.5,500
6046.5,500
6047.5,500
6048.5,500
6049.5,500
6050.5,500
6051.5,500
6052.5,500
6053.5,500
6054.5,500
6055.5,500
6056.5,500
6057.5,500
6058.5,500
6059.5,500
6060.5,500
6061.5,500
6062.5,500
6063.5,500
6064.5,500
6065.5,500
6066.5,500
6067.5,500
6068.5,500
6069.5,500
6070.5,500
6071.5,500
6072.5,500
6073.5,500
6074.5,500
6075.5,500
6076.5,500
6077.5,500
6078.5,500
6079.5,500
6080.5,500
6081.5,500
6082.5,500
6083.5,500
6084.5,500
6085.5,500
6086.5,500
6087.5,500
6088.5,500
6089.5,500
6090.5,500
6091.5,500
6092.5,500
6093.5,500
6094.5,500
6095.5,500
6096.5,500
6097.5,500
6098.5,500
6099.5,500
6100.5,500
6101.5,500
6102.5,500
6103.5,500
6104.5,500
6105.5,500
6106.5,500
6107.5,500
6108.5,500
6109.5,500
6110.5,500
6111.5,500
6112.5,500
6113.5,500
6114.5,500
6115.5,500
6116.5,500
6117.5,500
6118.5,500
6119.5,500
6120.5,500
6121.5,500
6122.5,500
6123.5,500
6124.5,500
6125.5,500
6126.5,500
6127.5,500
6128.5,500
6129.5,500
6130.5,500
6131.5,500
6132.5,500
6133.5,500
6134.5,500
6135.5,500
6136.5,500
6137.5,500
6138.5,500
6139.5,500
6140.5,500
6141.5,500
6142.5,500
6143.5,500
6144.5,500
6145.5,500
6146.5,500
6147.5,500
6148.5,500
6149.5,500
6150.5,500
6151.5,500
6152.5,500
6153.5,500
6154.5,500
6155.5,500
6156.5,500
6157.5,500
6158.5,500
6159.5,500
6160.5,500
6161.5,500
6162.5,500
6163.5,500
6164.5,500
6165.5,500
6166.5,500
6167.5,500
6168.5,500
6169.5,500
6170.5,500
6171.5,500
6172.5,500
6173.5,500
6174.5,500
6175.5,500
6176.5,500
6177.5,500
6178.5,500
6179.5,500
6180.5,500
6181.5,500
6182.5,500
6183.5,500
6184.5,500
6185.5,500
6186.5,500
6187.5,500
6188.5,500
6189.5,500
6190.5,500
6191.5,500
6192.5,500
6193.5,500
6194.5,500
6195.5,500
6196.5,500
6197.5,500
6198.5,500
6199.5,500
6200.5,500
6201.5,500
6202.5,500
6203.5,500
6204.5,500
6205.5,500
6206.5,500
6207.5,500
6208.5,500
6209.5,500
6210.5,500
6211.5,500
6212.5,500
6213.5,500
6214.5,500
6215.5,500
6216.5,500
6217.5,500
6218.5,500
6219.5,500
6220.5,500
6221.5,500
6222.5,500
6223.5,500
6224.5,500
6225.5,500
6226.5,500
6227.5,500
6228.5,500
6229.5,500
6230.5,500
6231.5,500
6232.5,500
6233.5,500
6234.5,500
6235.5,500
6236.5,500
6237.5,500
6238.5,500
6239.5,500
6240.5,500
6241.5,500
6242.5,500
6243.5,500
6244.5,500
6245.5,500
6246.5,500
6247.5,500
6248.5,500
6249.5,500
6250.5,500
6251.5,500
6252.5,500
6253.5,500
6254.5,500
6255.5,500
6256.5,500
6257.5,500
6258.5,500
6259.5,500
6260.5,500
6261.5,500
6262.5,500
6263.5,500
6264.5,500
6265.5,500
6266.5,500
6267.5,500
6268.5,500
6269.5,500
6270.5,500
6271.5,500
6272.5,500
6273.5,500
6274.5,500
6275.5,500
6276.5,500
6277.5,500
6278.5,500
6279.5,500
6280.5,500
6281.5,500
6282.5,500
6283.5,500
6284.5,500
6285.5,500
6286.5,500
6287.5,500
6288.5,500
6289.5,500
6290.5,500
6291.5,500
6292.5,500
6293.5,500
6294.5,500
6295.5,500
6296.5,500
6297.5,500
6298.5,500
6299.5,500
6300.5,500
6301.5,500
6302.5,500
6303.5,500
6304.5,500
6305.5,500
6306.5,500
6307.5,500
6308.5,500
6309.5,500
6310.5,500
6311.5,500
6312.5,500
6313.5,500
6314.5,500
6315.5,500
6316.5,500
6317.5,500
6318.5,500
6319.5,500
6320.5,500
6321.5,500
6322.5,500
6323.5,500
6324.5,500
6325.5,500
6326.5,500
6327.5,500
6328.5,500
6329.5,500
6330.5,500
6331.5,500
6332.5,500
6333.5,500
6334.5,500
6335.5,500
6336.5,500
6337.5,500
6338.5,500
6339.5,500
6340.5,500
6341.5,500
6342.5,500
6343.5,500
6344.5,500
6345.5,500
6346.5,500
6347.5,500
6348.5,500
6349.5,500
6350.5,500
6351.5,500
6352.5,500
6353.5,500
6354.5,500
6355.5,500
6356.5,500
6357.5,500
6358.5,500
6359.5,500
6360.5,500
6361.5,500
6362.5,500
6363.5,500
6364.5,500
6365.5,500
6366.5,500
6367.5,500
6368.5,500
6369.5,500
6370.5,500
6371.5,500
6372.5,500
6373.5,500
6374.5,500
6375.5,500
6376.5,500
6377.5,500
6378.5,500
6379.5,500
6380.5,500
6381.5,500
6382.5,500
6383.5,500
6384.5,500
6385.5,500
6386.5,500
6387.5,500
6388.5,500
6389.5,500
6390.5,500
6391.5,500
6392.5,500
6393.5,500
6394.5,500
6395.5,500
6396.5,500
6397.5,500
6398.5,500
6399.5,500
6400.5,500
6401.5,500
6402.5,500
6403.5,500
6404.5,500
6405.5,500
6406.5,500
6407.5,500
6408.5,500
6409.5,500
6410.5,500
6411.5,500
6412.5,500
6413.5,500
6414.5,500
6415.5,500
6416.5,500
6417.5,500
6418.5,500
6419.5,500
6420.5,500
6421.5,500
6422.5,500
6423.5,500
6424.5,500
6425.5,500
6426.5,500
6427.5,500
6428.5,500
6429.5,500
6430.5,500
6431.5,500
6432.5,500
6433.5,500
6434.5,500
6435.5,500
6436.5,500
6437.5,500
6438.5,500
6439.5,500
6440.5,500
6441.5,500
6442.5,500
6443.5,500
6444.5,500
6445.5,500
6446.5,500
6447.5,500
6448.5,500
6449.5,500
6450.5,500
6451.5,500
6452.5,500
6453.5,500
6454.5,500
6455.5,500
6456.5,500
6457.5,500
6458.5,500
6459.5,500
6460.5,500
6461.5,500
6462.5,500
6463.5,500
6464.5,500
6465.5,500
6466.5,500
6467.5,500
6468.5,500
6469.5,500
6470.5,500
6471.5,500
6472.5,500
6473.5,500
6474.5,500
6475.5,500
6476.5,500
6477.5,500
6478.5,500
6479.5,500
6480.5,500
6481.5,500
6482.5,500
6483.5,500
6484.5,500
6485.5,500
6486.5,500
6487.5,500
6488.5,500
6489.5,500
6490.5,500
6491.5,500
6492.5,500
6493.5,500
6494.5,500
6495.5,500
6496.5,500
6497.5,500
6498.5,500
6499.5,500
6500.5,500
6501.5,500
6502.5,500
6503.5,500
6504.5,500
6505.5,500
6506.5,500
6507.5,500
6508.5,500
6509.5,500
6510.5,500
6511.5,500
6512.5,500
6513.5,500
6514.5,500
6515.5,500
6516.5,500
6517.5,500
6518.5,500
6519.5,500
6520.5,500
6521.5,500
6522.5,500
6523.5,500
6524.5,500
6525.5,500
6526.5,500
6527.5,500
6528.5,500
6529.5,500
6530.5,500
6531.5,500
6532.5,500
6533.5,500
6534.5,500
6535.5,500
6536.5,500
6537.5,500
6538.5,500
6539.5,500
6540.5,500
6541.5,500
6542.5,500
6543.5,500
6544.5,500
6545.5,500
6546.5,500
6547.5,500
6548.5,500
6549.5,500
6550.5,500
6551.5,500
6552.5,500
6553.5,500
6554.5,500
6555.5,500
6556.5,500
6557.5,500
6558.5,500
6559.5,500
6560.5,500
6561.5,500
6562.5,500
6563.5,500
6564.5,500
6565.5,500
6566.5,500
6567.5,500
6568.5,500
6569.5,500
6570.5,500
6571.5,500
6572.5,500
6573.5,500
6574.5,500
6575.5,500
6576.5,500
6577.5,500
6578.5,500
6579.5,500
6580.5,500
6581.5,500
6582.5,500
6583.5,500
6584.5,500
6585.5,500
6586.5,500
6587.5,500
6588.5,500
6589.5,500
6590.5,500
6591.5,500
6592.5,500
6593.5,500
6594.5,500
6595.5,500
6596.5,500
6597.5,500
6598.5,500
6599.5,500
6600.5,500
6601.5,500
6602.5,500
6603.5,500
6604.5,500
6605.5,500
6606.5,500
6607.5,500
6608.5,500
6609.5,500
6610.5,500
6611.5,500
6612.5,500
6613.5,500
6614.5,500
6615.5,500
6616.5,500
6617.5,500
6618.5,500
6619.5,500
6620.5,500
6621.5,500
6622.5,500
6623.5,500
6624.5,500
6625.5,500
6626.5,500
6627.5,500
6628.5,500
6629.5,500
6630.5,500
6631.5,500
6632.5,500
6633.5,500
6634.5,500
6635.5,500
6636.5,500
6637.5,500
6638.5,500
6639.5,500
6640.5,500
6641.5,500
6642.5,500
6643.5,500
6644.5,500
6645.5,500
6646.5,500
6647.5,500
6648.5,500
6649.5,500
6650.5,500
6651.5,500
6652.5,500
6653.5,500
6654.5,500
6655.5,500
6656.5,500
6657.5,500
6658.5,500
6659.5,500
6660.5,500
6661.5,500
6662.5,500
6663.5,500
6664.5,500
6665.5,500
6666.5,500
6667.5,500
6668.5,500
6669.5,500
6670.5,500
6671.5,500
6672.5,500
6673.5,500
6674.5,500
6675.5,500
6676.5,500
6677.5,500
6678.5,500
6679.5,500
6680.5,500
6681.5,500
6682.5,500
6683.5,500
6684.5,500
6685.5,500
6686.5,500
6687.5,500
6688.5,500
6689.5,500
6690.5,500
6691.5,500
6692.5,500
6693.5,500
6694.5,500
6695.5,500
6696.5,500
6697.5,500
6698.5,500
6699.5,500
6700.5,500
6701.5,500
6702.5,500
6703.5,500
6704.5,500
6705.5,500
6706.5,500
6707.5,500
6708.5,500
6709.5,500
6710.5,500
6711.5,500
6712.5,500
6713.5,500
6714.5,500
6715.5,500
6716.5,500
6717.5,500
6718.5,500
6719.5,500
6720.5,500
6721.5,500
6722.5,500
6723.5,500
6724.5,500
6725.5,500
6726.5,500
6727.5,500
6728.5,500
6729.5,500
6730.5,500
6731.5,500
6732.5,500
6733.5,500
6734.5,500
6735.5,500
6736.5,500
6737.5,500
6738.5,500
6739.5,500
6740.5,500
6741.5,500
6742.5,500
6743.5,500
6744.5,500
6745.5,500
6746.5,500
6747.5,500
6748.5,500
6749.5,500
6750.5,500
6751.5,500
6752.5,500
6753.5,500
6754.5,500
6755.5,500
6756.5,500
6757.5,500
6758.5,500
6759.5,500
6760.5,500
6761.5,500
6762.5,500
6763.5,500
6764.5,500
6765.5,500
6766.5,500
6767.5,500
6768.5,500
6769.5,500
6770.5,500
6771.5,500
6772.5,500
6773.5,500
6774.5,500
6775.5,500
6776.5,500
6777.5,500
6778.5,500
6779.5,500
6780.5,500
6781.5,500
6782.5,500
6783.5,500
6784.5,500
6785.5,500
6786.5,500
6787.5,500
6788.5,500
6789.5,500
6790.5,500
6791.5,500
6792.5,500
6793.5,500
6794.5,500
6795.5,500
6796.5,500
6797.5,500
6798.5,500
6799.5,500
6800.5,500
6801.5,500
6802.5,500
6803.5,500
6804.5,500
6805.5,500
6806.5,500
6807.5,500
6808.5,500
6809.5,500
6810.5,500
6811.5,500
6812.5,500
6813.5,500
6814.5,500
6815.5,500
6816.5,500
6817.5,500
6818.5,500
6819.5,500
6820.5,500
6821.5,500
6822.5,500
6823.5,500
6824.5,500
6825.5,500
6826.5,500
6827.5,500
6828.5,500
6829.5,500
6830.5,500
6831.5,500
6832.5,500
6833.5,500
6834.5,500
6835.5,500
6836.5,500
6837.5,500
6838.5,500
6839.5,500
6840.5,500
6841.5,500
6842.5,500
6843.5,500
6844.5,500
6845.5,500
6846.5,500
6847.5,500
6848.5,500
6849.5,500
6850.5,500
6851.5,500
6852.5,500
6853.5,500
6854.5,500
6855.5,500
6856.5,500
6857.5,500
6858.5,500
6859.5,500
6860.5,500
6861.5,500
6862.5,500
6863.5,500
6864.5,500
6865.5,500
6866.5,500
6867.5,500
6868.5,500
6869.5,500
6870.5,500
6871.5,500
6872.5,500
6873.5,500
6874.5,500
6875.5,500
6876.5,500
6877.5,500
6878.5,500
6879.5,500
6880.5,500
6881.5,500
6882.5,500
6883.5,500
6884.5,500
6885.5,500
6886.5,500
6887.5,500
6888.5,500
6889.5,500
6890.5,500
6891.5,500
6892.5,500
6893.5,500
6894.5,500
6895.5,500
6896.5,500
6897.5,500
6898.5,500
6899.5,500
6900.5,500
6901.5,500
6902.5,500
6903.5,500
6904.5,500
6905.5,500
6906.5,500
6907.5,500
6908.5,500
6909.5,500
6910.5,500
6911.5,500
6912.5,500
6913.5,500
6914.5,500
6915.5,500
6916.5,500
6917.5,500
6918.5,500
6919.5,500
6920.5,500
6921.5,500
6922.5,500
6923.5,500
6924.5,500
6925.5,500
6926.5,500
6927.5,500
6928.5,500
6929.5,500
6930.5,500
6931.5,500
6932.5,500
6933.5,500
6934.5,500
6935.5,500
6936.5,500
6937.5,500
6938.5,500
6939.5,500
6940.5,500
6941.5,500
6942.5,500
6943.5,500
6944.5,500
6945.5,500
6946.5,500
6947.5,500
6948.5,500
6949.5,500
6950.5,500
6951.5,500
6952.5,500
6953.5,500
6954.5,500
6955.5,500
6956.5,500
6957.5,500
6958.5,500
6959.5,500
6960.5,500
6961.5,500
6962.5,500
6963.5,500
6964.5,500
6965.5,500
6966.5,500
6967.5,500
6968.5,500
6969.5,500
6970.5,500
6971.5,500
6972.5,500
6973.5,500
6974.5,500
6975.5,500
6976.5,500
6977.5,500
6978.5,500
6979.5,500
6980.5,500
6981.5,500
6982.5,500
6983.5,500
6984.5,500
6985.5,500
6986.5,500
6987.5,500
6988.5,500
6989.5,500
6990.5,500
6991.5,500
6992.5,500
6993.5,500
6994.5,500
6995.5,500
6996.5,500
6997.5,500
6998.5,500
6999.5,500
7000.5,500
7001.5,500
7002.5,500
7003.5,500
7004.5,500
7005.5,500
7006.5,500
7007.5,500
7008.5,500
7009.5,500
7010.5,500
7011.5,500
7012.5,500
7013.5,500
7014.5,500
7015.5,500
7016.5,500
7017.5,500
7018.5,500
7019.5,500
7020.5,500
7021.5,500
7022.5,500
7023.5,500
7024.5,500
7025.5,500
7026.5,500
7027.5,500
7028.5,500
7029.5,500
7030.5,500
7031.5,500
7032.5,500
7033.5,500
7034.5,500
7035.5,500
7036.5,500
7037.5,500
7038.5,500
7039.5,500
7040.5,500
7041.5,500
7042.5,500
7043.5,500
7044.5,500
7045.5,500
7046.5,500
7047.5,500
7048.5,500
7049.5,500
7050.5,500
7051.5,500
7052.5,500
7053.5,500
7054.5,500
7055.5,500
7056.5,500
7057.5,500
7058.5,500
7059.5,500
7060.5,500
7061.5,500
7062.5,500
7063.5,500
7064.5,500
7065.5,500
7066.5,500
7067.5,500
7068.5,500
7069.5,500
7070.5,500
7071.5,500
7072.5,500
7073.5,500
7074.5,500
7075.5,500
7076.5,500
7077.5,500
7078.5,500
7079.5,500
7080.5,500
7081.5,500
7082.5,500
7083.5,500
7084.5,500
7085.5,500
7086.5,500
7087.5,500
7088.5,500
7089.5,500
7090.5,500
7091.5,500
7092.5,500
7093.5,500
7094.5,500
7095.5,500
7096.5,500
7097.5,500
7098.5,500
7099.5,500
7100.5,500
7101.5,500
7102.5,500
7103.5,500
7104.5,500
7105.5,500
7106.5,500
7107.5,500
7108.5,500
7109.5,500
7110.5,500
7111.5,500
7112.5,500
7113.5,500
7114.5,500
7115.5,500
7116.5,500
7117.5,500
7118.5,500
7119.5,500
7120.5,500
7121.5,500
7122.5,500
7123.5,500
7124.5,500
7125.5,500
7126.5,500
7127.5,500
7128.5,500
7129.5,500
7130.5,500
7131.5,500
7132.5,500
7133.5,500
7134.5,500
7135.5,500
7136.5,500
7137.5,500
7138.5,500
7139.5,500
7140.5,500
7141.5,500
7142.5,500
7143.5,500
7144.5,500
7145.5,500
7146.5,500
7147.5,500
7148.5,500
7149.5,500
7150.5,500
7151.5,500
7152.5,500
7153.5,500
7154.5,500
7155.5,500
7156.5,500
7157.5,500
7158.5,500
7159.5,500
7160.5,500
7161.5,500
7162.5,500
7163.5,500
7164.5,500
7165.5,500
7166.5,500
7167.5,500
7168.5,500
7169.5,500
7170.5,500
7171.5,500
7172.5,500
7173.5,500
7174.5,500
7175.5,500
7176.5,500
7177.5,500
7178.5,500
7179.5,500
7180.5,500
7181.5,500
7182.5,500
7183.5,500
7184.5,500
7185.5,500
7186.5,500
7187.5,500
7188.5,500
7189.5,500
7190.5,500
7191.5,500
7192.5,500
7193.5,500
7194.5,500
7195.5,500
7196.5,500
7197.5,500
7198.5,500
7199.5,500
7200.5,500
7201.5,500
7202.5,500
7203.5,500
7204.5,500
7205.5,500
7206.5,500
7207.5,500
7208.5,500
7209.5,500
7210.5,500
7211.5,500
7212.5,500
7213.5,500
7214.5,500
7215.5,500
7216.5,500
7217.5,500
7218.5,500
7219.5,500
7220.5,500
7221.5,500
7222.5,500
7223.5,500
7224.5,500
7225.5,500
7226.5,500
7227.5,500
7228.5,500
7229.5,500
7230.5,500
7231.5,500
7232.5,500
7233.5,500
7234.5,500
7235.5,500
7236.5,500
7237.5,500
7238.5,500
7239.5,500
7240.5,500
7241.5,500
7242.5,500
7243.5,500
7244.5,500
7245.5,500
7246.5,500
7247.5,500
7248.5,500
7249.5,500
7250.5,500
7251.5,500
7252.5,500
7253.5,500
7254.5,500
7255.5,500
7256.5,500
7257.5,500
7258.5,500
7259.5,500
7260.5,500
7261.5,500
7262.5,500
7263.5,500
7264.5,500
7265.5,500
7266.5,500
7267.5,500
7268.5,500
7269.5,500
7270.5,500
7271.5,500
7272.5,500
7273.5,500
7274.5,500
7275.5,500
