0.5,1
1.5,2
2.5,3
3.5,4
4.5,5
5.5,6
6.5,7
7.5,8
8.5,9
9.5,10
10.5,11
11.5,12
12.5,13
13.5,14
14.5,15
15.5,16
16.5,17
17.5,18
18.5,19
19.5,20
20.5,21
21.5,22
22.5,23
23.5,24
24.5,25
25.5,26
26.5,27
27.5,28
28.5,29
29.5,30
30.5,31
31.5,32
32.5,33
33.5,34
34.5,35
35.5,36
36.5,37
37.5,38
38.5,39
39.5,40
40.5,41
41.5,42
42.5,43
43.5,44
44.5,45
45.5,46
46.5,47
47.5,48
48.5,49
49.5,50
50.5,50
51.5,50
52.5,50
53.5,50
54.5,50
55.5,50
56.5,50
57.5,50
58.5,50
59.5,50
60.5,50
61.5,50
62.5,50
63.5,50
64.5,50
65.5,50
66.5,50
67.5,50
68.5,50
69.5,50
70.5,50
71.5,50
72.5,50
73.5,50
74.5,50
75.5,50
76.5,50
77.5,50
78.5,50
79.5,50
80.5,50
81.5,50
82.5,50
83.5,50
84.5,50
85.5,50
86.5,50
87.5,50
88.5,50
89.5,50
90.5,50
91.5,50
92.5,50
93.5,50
94.5,50
95.5,50
96.5,50
97.5,50
98.5,50
99.5,50
100.5,50
101.5,50
102.5,50
103.5,50
104.5,50
105.5,50
106.5,50
107.5,50
108.5,50
109.5,50
110.5,50
111.5,50
112.5,50
113.5,50
114.5,50
115.5,50
116.5,50
117.5,50
118.5,50
119.5,50
120.5,50
121.5,50
122.5,50
123.5,50
124.5,50
125.5,50
126.5,50
127.5,50
128.5,50
129.5,50
130.5,50
131.5,50
132.5,50
133.5,50
134.5,50
135.5,50
136.5,50
137.5,50
138.5,50
139.5,50
140.5,50
141.5,50
142.5,50
143.5,50
144.5,50
145.5,50
146.5,50
147.5,50
148.5,50
149.5,50
150.5,50
151.5,50
152.5,50
153.5,50
154.5,50
155.5,50
156.5,50
157.5,50
158.5,50
159.5,50
160.5,50
161.5,50
162.5,50
163.5,50
164.5,50
165.5,50
166.5,50
167.5,50
168.5,50
169.5,50
170.5,50
171.5,50
172.5,50
173.5,50
174.5,50
175.5,50
176.5,50
177.5,50
178.5,50
179.5,50
180.5,50
181.5,50
182.5,50
183.5,50
184.5,50
185.5,50
186.5,50
187.5,50
188.5,50
189.5,50
190.5,50
191.5,50
192.5,50
193.5,50
194.5,50
195.5,50
196.5,50
197.5,50
198.5,50
199.5,50
200.5,50
201.5,50
202.5,50
203.5,50
204.5,50
205.5,50
206.5,50
207.5,50
208.5,50
209.5,50
210.5,50
211.5,50
212.5,50
213.5,50
214.5,50
215.5,50
216.5,50
217.5,50
218.5,50
219.5,50
220.5,50
221.5,50
222.5,50
223.5,50
224.5,50
225.5,50
226.5,50
227.5,50
228.5,50
229.5,50
230.5,50
231.5,50
232.5,50
233.5,50
234.5,50
235.5,50
236.5,50
237.5,50
238.5,50
239.5,50
240.5,50
241.5,50
242.5,50
243.5,50
244.5,50
245.5,50
246.5,50
247.5,50
248.5,50
249.5,50
250.5,50
251.5,50
252.5,50
253.5,50
254.5,50
255.5,50
256.5,50
257.5,50
258.5,50
259.5,50
260.5,50
261.5,50
262.5,50
263.5,50
264.5,50
265.5,50
266.5,50
267.5,50
268.5,50
269.5,50
270.5,50
271.5,50
272.5,50
273.5,50
274.5,50
275.5,50
276.5,50
277.5,50
278.5,50
279.5,50
280.5,50
281.5,50
282.5,50
283.5,50
284.5,50
285.5,50
286.5,50
287.5,50
288.5,50
289.5,50
290.5,50
291.5,50
292.5,50
293.5,50
294.5,50
295.5,50
296.5,50
297.5,50
298.5,50
299.5,50
300.5,50
301.5,50
302.5,50
303.5,50
304.5,50
305.5,50
306.5,50
307.5,50
308.5,50
309.5,50
310.5,50
311.5,50
312.5,50
313.5,50
314.5,50
315.5,50
316.5,50
317.5,50
318.5,50
319.5,50
320.5,50
321.5,50
322.5,50
323.5,50
324.5,50
325.5,50
326.5,50
327.5,50
328.5,50
329.5,50
330.5,50
331.5,50
332.5,50
333.5,50
334.5,50
335.5,50
336.5,50
337.5,50
338.5,50
339.5,50
340.5,50
341.5,50
342.5,50
343.5,50
344.5,50
345.5,50
346.5,50
347.5,50
348.5,50
349.5,50
350.5,50
351.5,50
352.5,50
353.5,50
354.5,50
355.5,50
356.5,50
357.5,50
358.5,50
359.5,50
360.5,50
361.5,50
362.5,50
363.5,50
364.5,50
365.5,50
366.5,50
367.5,50
368.5,50
369.5,50
370.5,50
371.5,50
372.5,50
373.5,50
374.5,50
375.5,50
376.5,50
377.5,50
378.5,50
379.5,50
380.5,50
381.5,50
382.5,50
383.5,50
384.5,50
385.5,50
386.5,50
387.5,50
388.5,50
389.5,50
390.5,50
391.5,50
392.5,50
393.5,50
394.5,50
395.5,50
396.5,50
397.5,50
398.5,50
399.5,50
400.5,50
401.5,50
402.5,50
403.5,50
404.5,50
405.5,50
406.5,50
407.5,50
408.5,50
409.5,50
410.5,50
411.5,50
412.5,50
413.5,50
414.5,50
415.5,50
416.5,50
417.5,50
418.5,50
419.5,50
420.5,50
421.5,50
422.5,50
423.5,50
424.5,50
425.5,50
426.5,50
427.5,50
428.5,50
429.5,50
430.5,50
431.5,50
432.5,50
433.5,50
434.5,50
435.5,50
436.5,50
437.5,50
438.5,50
439.5,50
440.5,50
441.5,50
442.5,50
443.5,50
444.5,50
445.5,50
446.5,50
447.5,50
448.5,50
449.5,50
450.5,50
451.5,50
452.5,50
453.5,50
454.5,50
455.5,50
456.5,50
457.5,50
458.5,50
459.5,50
460.5,50
461.5,50
462.5,50
463.5,50
464.5,50
465.5,50
466.5,50
467.5,50
468.5,50
469.5,50
470.5,50
471.5,50
472.5,50
473.5,50
474.5,50
475.5,50
476.5,50
477.5,50
478.5,50
479.5,50
480.5,50
481.5,50
482.5,50
483.5,50
484.5,50
485.5,50
486.5,50
487.5,50
488.5,50
489.5,50
490.5,50
491.5,50
492.5,50
493.5,50
494.5,50
495.5,50
496.5,50
497.5,50
498.5,50
499.5,50
500.5,50
501.5,50
502.5,50
503.5,50
504.5,50
505.5,50
506.5,50
507.5,50
508.5,50
509.5,50
510.5,50
511.5,50
512.5,50
513.5,50
514.5,50
515.5,50
516.5,50
517.5,50
518.5,50
519.5,50
520.5,50
521.5,50
522.5,50
523.5,50
524.5,50
525.5,50
526.5,50
527.5,50
528.5,50
529.5,50
530.5,50
531.5,50
532.5,50
533.5,50
534.5,50
535.5,50
536.5,50
537.5,50
538.5,50
539.5,50
540.5,50
541.5,50
542.5,50
543.5,50
544.5,50
545.5,50
546.5,50
547.5,50
548.5,50
549.5,50
550.5,50
551.5,50
552.5,50
553.5,50
554.5,50
555.5,50
556.5,50
557.5,50
558.5,50
559.5,50
560.5,50
561.5,50
562.5,50
563.5,50
564.5,50
565.5,50
566.5,50
567.5,50
568.5,50
569.5,50
570.5,50
571.5,50
572.5,50
573.5,50
574.5,50
575.5,50
576.5,50
577.5,50
578.5,50
579.5,50
580.5,50
581.5,50
582.5,50
583.5,50
584.5,50
585.5,50
586.5,50
587.5,50
588.5,50
589.5,50
590.5,50
591.5,50
592.5,50
593.5,50
594.5,50
595.5,50
596.5,50
597.5,50
598.5,50
599.5,50
600.5,50
601.5,50
602.5,50
603.5,50
604.5,50
605.5,50
606.5,50
607.5,50
608.5,50
609.5,50
610.5,50
611.5,50
612.5,50
613.5,50
614.5,50
615.5,50
616.5,50
617.5,50
618.5,50
619.5,50
620.5,50
621.5,50
622.5,50
623.5,50
624.5,50
625.5,50
626.5,50
627.5,50
628.5,50
629.5,50
630.5,50
631.5,50
632.5,50
633.5,50
634.5,50
635.5,50
636.5,50
637.5,50
638.5,50
639.5,50
640.5,50
641.5,50
642.5,50
643.5,50
644.5,50
645.5,50
646.5,50
647.5,50
648.5,50
649.5,50
650.5,50
651.5,50
652.5,50
653.5,50
654.5,50
655.5,50
656.5,50
657.5,50
658.5,50
659.5,50
660.5,50
661.5,50
662.5,50
663.5,50
664.5,50
665.5,50
666.5,50
667.5,50
668.5,50
669.5,50
670.5,50
671.5,50
672.5,50
673.5,50
674.5,50
675.5,50
676.5,50
677.5,50
678.5,50
679.5,50
680.5,50
681.5,50
682.5,50
683.5,50
684.5,50
685.5,50
686.5,50
687.5,50
688.5,50
689.5,50
690.5,50
691.5,50
692.5,50
693.5,50
694.5,50
695.5,50
696.5,50
697.5,50
698.5,50
699.5,50
700.5,50
701.5,50
702.5,50
703.5,50
704.5,50
705.5,50
706.5,50
707.5,50
708.5,50
709.5,50
710.5,50
711.5,50
712.5,50
713.5,50
714.5,50
715.5,50
716.5,50
717.5,50
718.5,50
719.5,50
720.5,50
721.5,50
722.5,50
723.5,50
724.5,50
725.5,50
726.5,50
727.5,50
728.5,50
729.5,50
730.5,50
731.5,50
732.5,50
733.5,50
734.5,50
735.5,50
736.5,50
737.5,50
738.5,50
739.5,50
740.5,50
741.5,50
742.5,50
743.5,50
744.5,50
745.5,50
746.5,50
747.5,50
748.5,50
749.5,50
750.5,50
751.5,50
752.5,50
753.5,50
754.5,50
755.5,50
756.5,50
757.5,50
758.5,50
759.5,50
760.5,50
761.5,50
762.5,50
763.5,50
764.5,50
765.5,50
766.5,50
767.5,50
768.5,50
769.5,50
770.5,50
771.5,50
772.5,50
773.5,50
774.5,50
775.5,50
776.5,50
777.5,50
778.5,50
779.5,50
780.5,50
781.5,50
782.5,50
783.5,50
784.5,50
785.5,50
786.5,50
787.5,50
788.5,50
789.5,50
790.5,50
791.5,50
792.5,50
793.5,50
794.5,50
795.5,50
796.5,50
797.5,50
798.5,50
799.5,50
800.5,50
801.5,50
802.5,50
803.5,50
804.5,50
805.5,50
806.5,50
807.5,50
808.5,50
809.5,50
810.5,50
811.5,50
812.5,50
813.5,50
814.5,50
815.5,50
816.5,50
817.5,50
818.5,50
819.5,50
820.5,50
821.5,50
822.5,50
823.5,50
824.5,50
825.5,50
826.5,50
827.5,50
828.5,50
829.5,50
830.5,50
831.5,50
832.5,50
833.5,50
834.5,50
835.5,50
836.5,50
837.5,50
838.5,50
839.5,50
840.5,50
841.5,50
842.5,50
843.5,50
844.5,50
845.5,50
846.5,50
847.5,50
848.5,50
849.5,50
850.5,50
851.5,50
852.5,50
853.5,50
854.5,50
855.5,50
856.5,50
857.5,50
858.5,50
859.5,50
860.5,50
861.5,50
862.5,50
863.5,50
864.5,50
865.5,50
866.5,50
867.5,50
868.5,50
869.5,50
870.5,50
871.5,50
872.5,50
873.5,50
874.5,50
875.5,50
876.5,50
877.5,50
878.5,50
879.5,50
880.5,50
881.5,50
882.5,50
883.5,50
884.5,50
885.5,50
886.5,50
887.5,50
888.5,50
889.5,50
890.5,50
891.5,50
892.5,50
893.5,50
894.5,50
895.5,50
896.5,50
897.5,50
898.5,50
899.5,50
900.5,50
901.5,50
902.5,50
903.5,50
904.5,50
905.5,50
906.5,50
907.5,50
908.5,50
909.5,50
910.5,50
911.5,50
912.5,50
913.5,50
914.5,50
915.5,50
916.5,50
917.5,50
918.5,50
919.5,50
920.5,50
921.5,50
922.5,50
923.5,50
924.5,50
925.5,50
926.5,50
927.5,50
928.5,50
929.5,50
930.5,50
931.5,50
932.5,50
933.5,50
934.5,50
935.5,50
936.5,50
937.5,50
938.5,50
939.5,50
940.5,50
941.5,50
942.5,50
943.5,50
944.5,50
945.5,50
946.5,50
947.5,50
948.5,50
949.5,50
950.5,50
951.5,50
952.5,50
953.5,50
954.5,50
955.5,50
956.5,50
957.5,50
958.5,50
959.5,50
960.5,50
961.5,50
962.5,50
963.5,50
964.5,50
965.5,50
966.5,50
967.5,50
968.5,50
969.5,50
970.5,50
971.5,50
972.5,50
973.5,50
974.5,50
975.5,50
976.5,50
977.5,50
978.5,50
979.5,50
980.5,50
981.5,50
982.5,50
983.5,50
984.5,50
985.5,50
986.5,50
987.5,50
988.5,50
989.5,50
990.5,50
991.5,50
992.5,50
993.5,50
994.5,50
995.5,50
996.5,50
997.5,50
998.5,50
999.5,50
1000.5,50
1001.5,50
1002.5,50
1003.5,50
1004.5,50
1005.5,50
1006.5,50
1007.5,50
1008.5,50
1009.5,50
1010.5,50
1011.5,50
1012.5,50
1013.5,50
1014.5,50
1015.5,50
1016.5,50
1017.5,50
1018.5,50
1019.5,50
1020.5,50
1021.5,50
1022.5,50
1023.5,50
1024.5,50
1025.5,50
1026.5,50
1027.5,50
1028.5,50
1029.5,50
1030.5,50
1031.5,50
1032.5,50
1033.5,50
1034.5,50
1035.5,50
1036.5,50
1037.5,50
1038.5,50
1039.5,50
1040.5,50
1041.5,50
1042.5,50
1043.5,50
1044.5,50
1045.5,50
1046.5,50
1047.5,50
1048.5,50
1049.5,50
1050.5,50
1051.5,50
1052.5,50
1053.5,50
1054.5,50
1055.5,50
1056.5,50
1057.5,50
1058.5,50
1059.5,50
1060.5,50
1061.5,50
1062.5,50
1063.5,50
1064.5,50
1065.5,50
1066.5,50
1067.5,50
1068.5,50
1069.5,50
1070.5,50
1071.5,50
1072.5,50
1073.5,50
1074.5,50
1075.5,50
1076.5,50
1077.5,50
1078.5,50
1079.5,50
1080.5,50
1081.5,50
1082.5,50
1083.5,50
1084.5,50
1085.5,50
1086.5,50
1087.5,50
1088.5,50
1089.5,50
1090.5,50
1091.5,50
1092.5,50
1093.5,50
1094.5,50
1095.5,50
1096.5,50
1097.5,50
1098.5,50
1099.5,50
1100.5,50
1101.5,50
1102.5,50
1103.5,50
1104.5,50
1105.5,50
1106.5,50
1107.5,50
1108.5,50
1109.5,50
1110.5,50
1111.5,50
1112.5,50
1113.5,50
1114.5,50
1115.5,50
1116.5,50
1117.5,50
1118.5,50
1119.5,50
1120.5,50
1121.5,50
1122.5,50
1123.5,50
1124.5,50
1125.5,50
1126.5,50
1127.5,50
1128.5,50
1129.5,50
1130.5,50
1131.5,50
1132.5,50
1133.5,50
1134.5,50
1135.5,50
1136.5,50
1137.5,50
1138.5,50
1139.5,50
1140.5,50
1141.5,50
1142.5,50
1143.5,50
1144.5,50
1145.5,50
1146.5,50
1147.5,50
1148.5,50
1149.5,50
1150.5,50
1151.5,50
1152.5,50
1153.5,50
1154.5,50
1155.5,50
1156.5,50
1157.5,50
1158.5,50
1159.5,50
1160.5,50
1161.5,50
1162.5,50
1163.5,50
1164.5,50
1165.5,50
1166.5,50
1167.5,50
1168.5,50
1169.5,50
1170.5,50
1171.5,50
1172.5,50
1173.5,50
1174.5,50
1175.5,50
1176.5,50
1177.5,50
1178.5,50
1179.5,50
1180.5,50
1181.5,50
1182.5,50
1183.5,50
1184.5,50
1185.5,50
1186.5,50
1187.5,50
1188.5,50
1189.5,50
1190.5,50
1191.5,50
1192.5,50
1193.5,50
1194.5,50
1195.5,50
1196.5,50
1197.5,50
1198.5,50
1199.5,50
1200.5,50
1201.5,50
1202.5,50
1203.5,50
1204.5,50
1205.5,50
1206.5,50
1207.5,50
1208.5,50
1209.5,50
1210.5,50
1211.5,50
1212.5,50
1213.5,50
1214.5,50
1215.5,50
1216.5,50
1217.5,50
1218.5,50
1219.5,50
1220.5,50
1221.5,50
1222.5,50
1223.5,50
1224.5,50
1225.5,50
1226.5,50
1227.5,50
1228.5,50
1229.5,50
1230.5,50
1231.5,50
1232.5,50
1233.5,50
1234.5,50
1235.5,50
1236.5,50
1237.5,50
1238.5,50
1239.5,50
1240.5,50
1241.5,50
1242.5,50
1243.5,50
1244.5,50
1245.5,50
1246.5,50
1247.5,50
1248.5,50
1249.5,50
1250.5,50
1251.5,50
1252.5,50
1253.5,50
1254.5,50
1255.5,50
1256.5,50
1257.5,50
1258.5,50
1259.5,50
1260.5,50
1261.5,50
1262.5,50
1263.5,50
1264.5,50
1265.5,50
1266.5,50
1267.5,50
1268.5,50
1269.5,50
1270.5,50
1271.5,50
1272.5,50
1273.5,50
1274.5,50
1275.5,50
1276.5,50
1277.5,50
1278.5,50
1279.5,50
1280.5,50
1281.5,50
1282.5,50
1283.5,50
1284.5,50
1285.5,50
1286.5,50
1287.5,50
1288.5,50
1289.5,50
1290.5,50
1291.5,50
1292.5,50
1293.5,50
1294.5,50
1295.5,50
1296.5,50
1297.5,50
1298.5,50
1299.5,50
1300.5,50
1301.5,50
1302.5,50
1303.5,50
1304.5,50
1305.5,50
1306.5,50
1307.5,50
1308.5,50
1309.5,50
1310.5,50
1311.5,50
1312.5,50
1313.5,50
1314.5,50
1315.5,50
1316.5,50
1317.5,50
1318.5,50
1319.5,50
1320.5,50
1321.5,50
1322.5,50
1323.5,50
1324.5,50
1325.5,50
1326.5,50
1327.5,50
1328.5,50
1329.5,50
1330.5,50
1331.5,50
1332.5,50
1333.5,50
1334.5,50
1335.5,50
1336.5,50
1337.5,50
1338.5,50
1339.5,50
1340.5,50
1341.5,50
1342.5,50
1343.5,50
1344.5,50
1345.5,50
1346.5,50
1347.5,50
1348.5,50
1349.5,50
1350.5,50
1351.5,50
1352.5,50
1353.5,50
1354.5,50
1355.5,50
1356.5,50
1357.5,50
1358.5,50
1359.5,50
1360.5,50
1361.5,50
1362.5,50
1363.5,50
1364.5,50
1365.5,50
1366.5,50
1367.5,50
1368.5,50
1369.5,50
1370.5,50
1371.5,50
1372.5,50
1373.5,50
1374.5,50
1375.5,50
1376.5,50
1377.5,50
1378.5,50
1379.5,50
1380.5,50
1381.5,50
1382.5,50
1383.5,50
1384.5,50
1385.5,50
1386.5,50
1387.5,50
1388.5,50
1389.5,50
1390.5,50
1391.5,50
1392.5,50
1393.5,50
1394.5,50
1395.5,50
1396.5,50
1397.5,50
1398.5,50
1399.5,50
1400.5,50
1401.5,50
1402.5,50
1403.5,50
1404.5,50
1405.5,50
1406.5,50
1407.5,50
1408.5,50
1409.5,50
1410.5,50
1411.5,50
1412.5,50
1413.5,50
1414.5,50
1415.5,50
1416.5,50
1417.5,50
1418.5,50
1419.5,50
1420.5,50
1421.5,50
1422.5,50
1423.5,50
1424.5,50
1425.5,50
1426.5,50
1427.5,50
1428.5,50
1429.5,50
1430.5,50
1431.5,50
1432.5,50
1433.5,50
1434.5,50
1435.5,50
1436.5,50
1437.5,50
1438.5,50
1439.5,50
1440.5,50
1441.5,50
1442.5,50
1443.5,50
1444.5,50
1445.5,50
1446.5,50
1447.5,50
1448.5,50
1449.5,50
1450.5,50
1451.5,50
1452.5,50
1453.5,50
1454.5,50
1455.5,50
1456.5,50
1457.5,50
1458.5,50
1459.5,50
1460.5,50
1461.5,50
1462.5,50
1463.5,50
1464.5,50
1465.5,50
1466.5,50
1467.5,50
1468.5,50
1469.5,50
1470.5,50
1471.5,50
1472.5,50
1473.5,50
1474.5,50
1475.5,50
1476.5,50
1477.5,50
1478.5,50
1479.5,50
1480.5,50
1481.5,50
1482.5,50
1483.5,50
1484.5,50
1485.5,50
1486.5,50
1487.5,50
1488.5,50
1489.5,50
1490.5,50
1491.5,50
1492.5,50
1493.5,50
1494.5,50
1495.5,50
1496.5,50
1497.5,50
1498.5,50
1499.5,50
1500.5,50
1501.5,50
1502.5,50
1503.5,50
1504.5,50
1505.5,50
1506.5,50
1507.5,50
1508.5,50
1509.5,50
1510.5,50
1511.5,50
1512.5,50
1513.5,50
1514.5,50
1515.5,50
1516.5,50
1517.5,50
1518.5,50
1519.5,50
1520.5,50
1521.5,50
1522.5,50
1523.5,50
1524.5,50
1525.5,50
1526.5,50
1527.5,50
1528.5,50
1529.5,50
1530.5,50
1531.5,50
1532.5,50
1533.5,50
1534.5,50
1535.5,50
1536.5,50
1537.5,50
1538.5,50
1539.5,50
1540.5,50
1541.5,50
1542.5,50
1543.5,50
1544.5,50
1545.5,50
1546.5,50
1547.5,50
1548.5,50
1549.5,50
1550.5,50
1551.5,50
1552.5,50
1553.5,50
1554.5,50
1555.5,50
1556.5,50
1557.5,50
1558.5,50
1559.5,50
1560.5,50
1561.5,50
1562.5,50
1563.5,50
1564.5,50
1565.5,50
1566.5,50
1567.5,50
1568.5,50
1569.5,50
1570.5,50
1571.5,50
1572.5,50
1573.5,50
1574.5,50
1575.5,50
1576.5,50
1577.5,50
1578.5,50
1579.5,50
1580.5,50
1581.5,50
1582.5,50
1583.5,50
1584.5,50
1585.5,50
1586.5,50
1587.5,50
1588.5,50
1589.5,50
1590.5,50
1591.5,50
1592.5,50
1593.5,50
1594.5,50
1595.5,50
1596.5,50
1597.5,50
1598.5,50
1599.5,50
1600.5,50
1601.5,50
1602.5,50
1603.5,50
1604.5,50
1605.5,50
1606.5,50
1607.5,50
1608.5,50
1609.5,50
1610.5,50
1611.5,50
1612.5,50
1613.5,50
1614.5,50
1615.5,50
1616.5,50
1617.5,50
1618.5,50
1619.5,50
1620.5,50
1621.5,50
1622.5,50
1623.5,50
1624.5,50
1625.5,50
1626.5,50
1627.5,50
1628.5,50
1629.5,50
1630.5,50
1631.5,50
1632.5,50
1633.5,50
1634.5,50
1635.5,50
1636.5,50
1637.5,50
1638.5,50
1639.5,50
1640.5,50
1641.5,50
1642.5,50
1643.5,50
1644.5,50
1645.5,50
1646.5,50
1647.5,50
1648.5,50
1649.5,50
1650.5,50
1651.5,50
1652.5,50
1653.5,50
1654.5,50
1655.5,50
1656.5,50
1657.5,50
1658.5,50
1659.5,50
1660.5,50
1661.5,50
1662.5,50
1663.5,50
1664.5,50
1665.5,50
1666.5,50
1667.5,50
1668.5,50
1669.5,50
1670.5,50
1671.5,50
1672.5,50
1673.5,50
1674.5,50
1675.5,50
1676.5,50
1677.5,50
1678.5,50
1679.5,50
1680.5,50
1681.5,50
1682.5,50
1683.5,50
1684.5,50
1685.5,50
1686.5,50
1687.5,50
1688.5,50
1689.5,50
1690.5,50
1691.5,50
1692.5,50
1693.5,50
1694.5,50
1695.5,50
1696.5,50
1697.5,50
1698.5,50
1699.5,50
1700.5,50
1701.5,50
1702.5,50
1703.5,50
1704.5,50
1705.5,50
1706.5,50
1707.5,50
1708.5,50
1709.5,50
1710.5,50
1711.5,50
1712.5,50
1713.5,50
1714.5,50
1715.5,50
1716.5,50
1717.5,50
1718.5,50
1719.5,50
1720.5,50
1721.5,50
1722.5,50
1723.5,50
1724.5,50
1725.5,50
1726.5,50
1727.5,50
1728.5,50
1729.5,50
1730.5,50
1731.5,50
1732.5,50
1733.5,50
1734.5,50
1735.5,50
1736.5,50
1737.5,50
1738.5,50
1739.5,50
1740.5,50
1741.5,50
1742.5,50
1743.5,50
1744.5,50
1745.5,50
1746.5,50
1747.5,50
1748.5,50
1749.5,50
1750.5,50
1751.5,50
1752.5,50
1753.5,50
1754.5,50
1755.5,50
1756.5,50
1757.5,50
1758.5,50
1759.5,50
1760.5,50
1761.5,50
1762.5,50
1763.5,50
1764.5,50
1765.5,50
1766.5,50
1767.5,50
1768.5,50
1769.5,50
1770.5,50
1771.5,50
1772.5,50
1773.5,50
1774.5,50
1775.5,50
1776.5,50
1777.5,50
1778.5,50
1779.5,50
1780.5,50
1781.5,50
1782.5,50
1783.5,50
1784.5,50
1785.5,50
1786.5,50
1787.5,50
1788.5,50
1789.5,50
1790.5,50
1791.5,50
1792.5,50
1793.5,50
1794.5,50
1795.5,50
1796.5,50
1797.5,50
1798.5,50
1799.5,50
1800.5,50
1801.5,50
1802.5,50
1803.5,50
1804.5,50
1805.5,50
1806.5,50
1807.5,50
1808.5,50
1809.5,50
1810.5,50
1811.5,50
1812.5,50
1813.5,50
1814.5,50
1815.5,50
1816.5,50
1817.5,50
1818.5,50
1819.5,50
1820.5,50
1821.5,50
1822.5,50
1823.5,50
1824.5,50
1825.5,50
1826.5,50
1827.5,50
1828.5,50
1829.5,50
1830.5,50
1831.5,50
1832.5,50
1833.5,50
1834.5,50
1835.5,50
1836.5,50
1837.5,50
1838.5,50
1839.5,50
1840.5,50
1841.5,50
1842.5,50
1843.5,50
1844.5,50
1845.5,50
1846.5,50
1847.5,50
1848.5,50
1849.5,50
1850.5,50
1851.5,50
1852.5,50
1853.5,50
1854.5,50
1855.5,50
1856.5,50
1857.5,50
1858.5,50
1859.5,50
1860.5,50
1861.5,50
1862.5,50
1863.5,50
1864.5,50
1865.5,50
1866.5,50
1867.5,50
1868.5,50
1869.5,50
1870.5,50
1871.5,50
1872.5,50
1873.5,50
1874.5,50
1875.5,50
1876.5,50
1877.5,50
1878.5,50
1879.5,50
1880.5,50
1881.5,50
1882.5,50
1883.5,50
1884.5,50
1885.5,50
1886.5,50
1887.5,50
1888.5,50
1889.5,50
1890.5,50
1891.5,50
1892.5,50
1893.5,50
1894.5,50
1895.5,50
1896.5,50
1897.5,50
1898.5,50
1899.5,50
1900.5,50
1901.5,50
1902.5,50
1903.5,50
1904.5,50
1905.5,50
1906.5,50
1907.5,50
1908.5,50
1909.5,50
1910.5,50
1911.5,50
1912.5,50
1913.5,50
1914.5,50
1915.5,50
1916.5,50
1917.5,50
1918.5,50
1919.5,50
1920.5,50
1921.5,50
1922.5,50
1923.5,50
1924.5,50
1925.5,50
1926.5,50
1927.5,50
1928.5,50
1929.5,50
1930.5,50
1931.5,50
1932.5,50
1933.5,50
1934.5,50
1935.5,50
1936.5,50
1937.5,50
1938.5,50
1939.5,50
1940.5,50
1941.5,50
1942.5,50
1943.5,50
1944.5,50
1945.5,50
1946.5,50
1947.5,50
1948.5,50
1949.5,50
1950.5,50
1951.5,50
1952.5,50
1953.5,50
1954.5,50
1955.5,50
1956.5,50
1957.5,50
1958.5,50
1959.5,50
1960.5,50
1961.5,50
1962.5,50
1963.5,50
1964.5,50
1965.5,50
1966.5,50
1967.5,50
1968.5,50
1969.5,50
1970.5,50
1971.5,50
1972.5,50
1973.5,50
1974.5,50
1975.5,50
1976.5,50
1977.5,50
1978.5,50
1979.5,50
1980.5,50
1981.5,50
1982.5,50
1983.5,50
1984.5,50
1985.5,50
1986.5,50
1987.5,50
1988.5,50
1989.5,50
1990.5,50
1991.5,50
1992.5,50
1993.5,50
1994.5,50
1995.5,50
1996.5,50
1997.5,50
1998.5,50
1999.5,50
2000.5,50
2001.5,50
2002.5,50
2003.5,50
2004.5,50
2005.5,50
2006.5,50
2007.5,50
2008.5,50
2009.5,50
2010.5,50
2011.5,50
2012.5,50
2013.5,50
2014.5,50
2015.5,50
2016.5,50
2017.5,50
2018.5,50
2019.5,50
2020.5,50
2021.5,50
2022.5,50
2023.5,50
2024.5,50
2025.5,50
2026.5,50
2027.5,50
2028.5,50
2029.5,50
2030.5,50
2031.5,50
2032.5,50
2033.5,50
2034.5,50
2035.5,50
2036.5,50
2037.5,50
2038.5,50
2039.5,50
2040.5,50
2041.5,50
2042.5,50
2043.5,50
2044.5,50
2045.5,50
2046.5,50
2047.5,50
2048.5,50
2049.5,50
2050.5,50
2051.5,50
2052.5,50
2053.5,50
2054.5,50
2055.5,50
2056.5,50
2057.5,50
2058.5,50
2059.5,50
2060.5,50
2061.5,50
2062.5,50
2063.5,50
2064.5,50
2065.5,50
2066.5,50
2067.5,50
2068.5,50
2069.5,50
2070.5,50
2071.5,50
2072.5,50
2073.5,50
2074.5,50
2075.5,50
2076.5,50
2077.5,50
2078.5,50
2079.5,50
2080.5,50
2081.5,50
2082.5,50
2083.5,50
2084.5,50
2085.5,50
2086.5,50
2087.5,50
2088.5,50
2089.5,50
2090.5,50
2091.5,50
2092.5,50
2093.5,50
2094.5,50
2095.5,50
2096.5,50
2097.5,50
2098.5,50
2099.5,50
2100.5,50
2101.5,50
2102.5,50
2103.5,50
2104.5,50
2105.5,50
2106.5,50
2107.5,50
2108.5,50
2109.5,50
2110.5,50
2111.5,50
2112.5,50
2113.5,50
2114.5,50
2115.5,50
2116.5,50
2117.5,50
2118.5,50
2119.5,50
2120.5,50
2121.5,50
2122.5,50
2123.5,50
2124.5,50
2125.5,50
2126.5,50
2127.5,50
2128.5,50
2129.5,50
2130.5,50
2131.5,50
2132.5,50
2133.5,50
2134.5,50
2135.5,50
2136.5,50
2137.5,50
2138.5,50
2139.5,50
2140.5,50
2141.5,50
2142.5,50
2143.5,50
2144.5,50
2145.5,50
2146.5,50
2147.5,50
2148.5,50
2149.5,50
2150.5,50
2151.5,50
2152.5,50
2153.5,50
2154.5,50
2155.5,50
2156.5,50
2157.5,50
2158.5,50
2159.5,50
2160.5,50
2161.5,50
2162.5,50
2163.5,50
2164.5,50
2165.5,50
2166.5,50
2167.5,50
2168.5,50
2169.5,50
2170.5,50
2171.5,50
2172.5,50
2173.5,50
2174.5,50
2175.5,50
2176.5,50
2177.5,50
2178.5,50
2179.5,50
2180.5,50
2181.5,50
2182.5,50
2183.5,50
2184.5,50
2185.5,50
2186.5,50
2187.5,50
2188.5,50
2189.5,50
2190.5,50
2191.5,50
2192.5,50
2193.5,50
2194.5,50
2195.5,50
2196.5,50
2197.5,50
2198.5,50
2199.5,50
2200.5,50
2201.5,50
2202.5,50
2203.5,50
2204.5,50
2205.5,50
2206.5,50
2207.5,50
2208.5,50
2209.5,50
2210.5,50
2211.5,50
2212.5,50
2213.5,50
2214.5,50
2215.5,50
2216.5,50
2217.5,50
2218.5,50
2219.5,50
2220.5,50
2221.5,50
2222.5,50
2223.5,50
2224.5,50
2225.5,50
2226.5,50
2227.5,50
2228.5,50
2229.5,50
2230.5,50
2231.5,50
2232.5,50
2233.5,50
2234.5,50
2235.5,50
2236.5,50
2237.5,50
2238.5,50
2239.5,50
2240.5,50
2241.5,50
2242.5,50
2243.5,50
2244.5,50
2245.5,50
2246.5,50
2247.5,50
2248.5,50
2249.5,50
2250.5,50
2251.5,50
2252.5,50
2253.5,50
2254.5,50
2255.5,50
2256.5,50
2257.5,50
2258.5,50
2259.5,50
2260.5,50
2261.5,50
2262.5,50
2263.5,50
2264.5,50
2265.5,50
2266.5,50
2267.5,50
2268.5,50
2269.5,50
2270.5,50
2271.5,50
2272.5,50
2273.5,50
2274.5,50
2275.5,50
2276.5,50
2277.5,50
2278.5,50
2279.5,50
2280.5,50
2281.5,50
2282.5,50
2283.5,50
2284.5,50
2285.5,50
2286.5,50
2287.5,50
2288.5,50
2289.5,50
2290.5,50
2291.5,50
2292.5,50
2293.5,50
2294.5,50
2295.5,50
2296.5,50
2297.5,50
2298.5,50
2299.5,50
2300.5,50
2301.5,50
2302.5,50
2303.5,50
2304.5,50
2305.5,50
2306.5,50
2307.5,50
2308.5,50
2309.5,50
2310.5,50
2311.5,50
2312.5,50
2313.5,50
2314.5,50
2315.5,50
2316.5,50
2317.5,50
2318.5,50
2319.5,50
2320.5,50
2321.5,50
2322.5,50
2323.5,50
2324.5,50
2325.5,50
2326.5,50
2327.5,50
2328.5,50
2329.5,50
2330.5,50
2331.5,50
2332.5,50
2333.5,50
2334.5,50
2335.5,50
2336.5,50
2337.5,50
2338.5,50
2339.5,50
2340.5,50
2341.5,50
2342.5,50
2343.5,50
2344.5,50
2345.5,50
2346.5,50
2347.5,50
2348.5,50
2349.5,50
2350.5,50
2351.5,50
2352.5,50
2353.5,50
2354.5,50
2355.5,50
2356.5,50
2357.5,50
2358.5,50
2359.5,50
2360.5,50
2361.5,50
2362.5,50
2363.5,50
2364.5,50
2365.5,50
2366.5,50
2367.5,50
2368.5,50
2369.5,50
2370.5,50
2371.5,50
2372.5,50
2373.5,50
2374.5,50
2375.5,50
2376.5,50
2377.5,50
2378.5,50
2379.5,50
2380.5,50
2381.5,50
2382.5,50
2383.5,50
2384.5,50
2385.5,50
2386.5,50
2387.5,50
2388.5,50
2389.5,50
2390.5,50
2391.5,50
2392.5,50
2393.5,50
2394.5,50
2395.5,50
2396.5,50
2397.5,50
2398.5,50
2399.5,50
2400.5,50
2401.5,50
2402.5,50
2403.5,50
2404.5,50
2405.5,50
2406.5,50
2407.5,50
2408.5,50
2409.5,50
2410.5,50
2411.5,50
2412.5,50
2413.5,50
2414.5,50
2415.5,50
2416.5,50
2417.5,50
2418.5,50
2419.5,50
2420.5,50
2421.5,50
2422.5,50
2423.5,50
2424.5,50
2425.5,50
2426.5,50
2427.5,50
2428.5,50
2429.5,50
2430.5,50
2431.5,50
2432.5,50
2433.5,50
2434.5,50
2435.5,50
2436.5,50
2437.5,50
2438.5,50
2439.5,50
2440.5,50
2441.5,50
2442.5,50
2443.5,50
2444.5,50
2445.5,50
2446.5,50
2447.5,50
2448.5,50
2449.5,50
2450.5,50
2451.5,50
2452.5,50
2453.5,50
2454.5,50
2455.5,50
2456.5,50
2457.5,50
2458.5,50
2459.5,50
2460.5,50
2461.5,50
2462.5,50
2463.5,50
2464.5,50
2465.5,50
2466.5,50
2467.5,50
2468.5,50
2469.5,50
2470.5,50
2471.5,50
2472.5,50
2473.5,50
2474.5,50
2475.5,50
2476.5,50
2477.5,50
2478.5,50
2479.5,50
2480.5,50
2481.5,50
2482.5,50
2483.5,50
2484.5,50
2485.5,50
2486.5,50
2487.5,50
2488.5,50
2489.5,50
2490.5,50
2491.5,50
2492.5,50
2493.5,50
2494.5,50
2495.5,50
2496.5,50
2497.5,50
2498.5,50
2499.5,50
2500.5,50
2501.5,50
2502.5,50
2503.5,50
2504.5,50
2505.5,50
2506.5,50
2507.5,50
2508.5,50
2509.5,50
2510.5,50
2511.5,50
2512.5,50
2513.5,50
2514.5,50
2515.5,50
2516.5,50
2517.5,50
2518.5,50
2519.5,50
2520.5,50
2521.5,50
2522.5,50
2523.5,50
2524.5,50
2525.5,50
2526.5,50
2527.5,50
2528.5,50
2529.5,50
2530.5,50
2531.5,50
2532.5,50
2533.5,50
2534.5,50
2535.5,50
2536.5,50
2537.5,50
2538.5,50
2539.5,50
2540.5,50
2541.5,50
2542.5,50
2543.5,50
2544.5,50
2545.5,50
2546.5,50
2547.5,50
2548.5,50
2549.5,50
2550.5,50
2551.5,50
2552.5,50
2553.5,50
2554.5,50
2555.5,50
2556.5,50
2557.5,50
2558.5,50
2559.5,50
2560.5,50
2561.5,50
2562.5,50
2563.5,50
2564.5,50
2565.5,50
2566.5,50
2567.5,50
2568.5,50
2569.5,50
2570.5,50
2571.5,50
2572.5,50
2573.5,50
2574.5,50
2575.5,50
2576.5,50
2577.5,50
2578.5,50
2579.5,50
2580.5,50
2581.5,50
2582.5,50
2583.5,50
2584.5,50
2585.5,50
2586.5,50
2587.5,50
2588.5,50
2589.5,50
2590.5,50
2591.5,50
2592.5,50
2593.5,50
2594.5,50
2595.5,50
2596.5,50
2597.5,50
2598.5,50
2599.5,50
2600.5,50
2601.5,50
2602.5,50
2603.5,50
2604.5,50
2605.5,50
2606.5,50
2607.5,50
2608.5,50
2609.5,50
2610.5,50
2611.5,50
2612.5,50
2613.5,50
2614.5,50
2615.5,50
2616.5,50
2617.5,50
2618.5,50
2619.5,50
2620.5,50
2621.5,50
2622.5,50
2623.5,50
2624.5,50
2625.5,50
2626.5,50
2627.5,50
2628.5,50
2629.5,50
2630.5,50
2631.5,50
2632.5,50
2633.5,50
2634.5,50
2635.5,50
2636.5,50
2637.5,50
2638.5,50
2639.5,50
2640.5,50
2641.5,50
2642.5,50
2643.5,50
2644.5,50
2645.5,50
2646.5,50
2647.5,50
2648.5,50
2649.5,50
2650.5,50
2651.5,50
2652.5,50
2653.5,50
2654.5,50
2655.5,50
2656.5,50
2657.5,50
2658.5,50
2659.5,50
2660.5,50
2661.5,50
2662.5,50
2663.5,50
2664.5,50
2665.5,50
2666.5,50
2667.5,50
2668.5,50
2669.5,50
2670.5,50
2671.5,50
2672.5,50
2673.5,50
2674.5,50
2675.5,50
2676.5,50
2677.5,50
2678.5,50
2679.5,50
2680.5,50
2681.5,50
2682.5,50
2683.5,50
2684.5,50
2685.5,50
2686.5,50
2687.5,50
2688.5,50
2689.5,50
2690.5,50
2691.5,50
2692.5,50
2693.5,50
2694.5,50
2695.5,50
2696.5,50
2697.5,50
2698.5,50
2699.5,50
2700.5,50
2701.5,50
2702.5,50
2703.5,50
2704.5,50
2705.5,50
2706.5,50
2707.5,50
2708.5,50
2709.5,50
2710.5,50
2711.5,50
2712.5,50
2713.5,50
2714.5,50
2715.5,50
2716.5,50
2717.5,50
2718.5,50
2719.5,50
2720.5,50
2721.5,50
2722.5,50
2723.5,50
2724.5,50
2725.5,50
2726.5,50
2727.5,50
2728.5,50
2729.5,50
2730.5,50
2731.5,50
2732.5,50
2733.5,50
2734.5,50
2735.5,50
2736.5,50
2737.5,50
2738.5,50
2739.5,50
2740.5,50
2741.5,50
2742.5,50
2743.5,50
2744.5,50
2745.5,50
2746.5,50
2747.5,50
2748.5,50
2749.5,50
2750.5,50
2751.5,50
2752.5,50
2753.5,50
2754.5,50
2755.5,50
2756.5,50
2757.5,50
2758.5,50
2759.5,50
2760.5,50
2761.5,50
2762.5,50
2763.5,50
2764.5,50
2765.5,50
2766.5,50
2767.5,50
2768.5,50
2769.5,50
2770.5,50
2771.5,50
2772.5,50
2773.5,50
2774.5,50
2775.5,50
2776.5,50
2777.5,50
2778.5,50
2779.5,50
2780.5,50
2781.5,50
2782.5,50
2783.5,50
2784.5,50
2785.5,50
2786.5,50
2787.5,50
2788.5,50
2789.5,50
2790.5,50
2791.5,50
2792.5,50
2793.5,50
2794.5,50
2795.5,50
2796.5,50
2797.5,50
2798.5,50
2799.5,50
2800.5,50
2801.5,50
2802.5,50
2803.5,50
2804.5,50
2805.5,50
2806.5,50
2807.5,50
2808.5,50
2809.5,50
2810.5,50
2811.5,50
2812.5,50
2813.5,50
2814.5,50
2815.5,50
2816.5,50
2817.5,50
2818.5,50
2819.5,50
2820.5,50
2821.5,50
2822.5,50
2823.5,50
2824.5,50
2825.5,50
2826.5,50
2827.5,50
2828.5,50
2829.5,50
2830.5,50
2831.5,50
2832.5,50
2833.5,50
2834.5,50
2835.5,50
2836.5,50
2837.5,50
2838.5,50
2839.5,50
2840.5,50
2841.5,50
2842.5,50
2843.5,50
2844.5,50
2845.5,50
2846.5,50
2847.5,50
2848.5,50
2849.5,50
2850.5,50
2851.5,50
2852.5,50
2853.5,50
2854.5,50
2855.5,50
2856.5,50
2857.5,50
2858.5,50
2859.5,50
2860.5,50
2861.5,50
2862.5,50
2863.5,50
2864.5,50
2865.5,50
2866.5,50
2867.5,50
2868.5,50
2869.5,50
2870.5,50
2871.5,50
2872.5,50
2873.5,50
2874.5,50
2875.5,50
2876.5,50
2877.5,50
2878.5,50
2879.5,50
2880.5,50
2881.5,50
2882.5,50
2883.5,50
2884.5,50
2885.5,50
2886.5,50
2887.5,50
2888.5,50
2889.5,50
2890.5,50
2891.5,50
2892.5,50
2893.5,50
2894.5,50
2895.5,50
2896.5,50
2897.5,50
2898.5,50
2899.5,50
2900.5,50
2901.5,50
2902.5,50
2903.5,50
2904.5,50
2905.5,50
2906.5,50
2907.5,50
2908.5,50
2909.5,50
2910.5,50
2911.5,50
2912.5,50
2913.5,50
2914.5,50
2915.5,50
2916.5,50
2917.5,50
2918.5,50
2919.5,50
2920.5,50
2921.5,50
2922.5,50
2923.5,50
2924.5,50
2925.5,50
2926.5,50
2927.5,50
2928.5,50
2929.5,50
2930.5,50
2931.5,50
2932.5,50
2933.5,50
2934.5,50
2935.5,50
2936.5,50
2937.5,50
2938.5,50
2939.5,50
2940.5,50
2941.5,50
2942.5,50
2943.5,50
2944.5,50
2945.5,50
2946.5,50
2947.5,50
2948.5,50
2949.5,50
2950.5,50
2951.5,50
2952.5,50
2953.5,50
2954.5,50
2955.5,50
2956.5,50
2957.5,50
2958.5,50
2959.5,50
2960.5,50
2961.5,50
2962.5,50
2963.5,50
2964.5,50
2965.5,50
2966.5,50
2967.5,50
2968.5,50
2969.5,50
2970.5,50
2971.5,50
2972.5,50
2973.5,50
2974.5,50
2975.5,50
2976.5,50
2977.5,50
2978.5,50
2979.5,50
2980.5,50
2981.5,50
2982.5,50
2983.5,50
2984.5,50
2985.5,50
2986.5,50
2987.5,50
2988.5,50
2989.5,50
2990.5,50
2991.5,50
2992.5,50
2993.5,50
2994.5,50
2995.5,50
2996.5,50
2997.5,50
2998.5,50
2999.5,50
3000.5,50
3001.5,50
3002.5,50
3003.5,50
3004.5,50
3005.5,50
3006.5,50
3007.5,50
3008.5,50
3009.5,50
3010.5,50
3011.5,50
3012.5,50
3013.5,50
3014.5,50
3015.5,50
3016.5,50
3017.5,50
3018.5,50
3019.5,50
3020.5,50
3021.5,50
3022.5,50
3023.5,50
3024.5,50
3025.5,50
3026.5,50
3027.5,50
3028.5,50
3029.5,50
3030.5,50
3031.5,50
3032.5,50
3033.5,50
3034.5,50
3035.5,50
3036.5,50
3037.5,50
3038.5,50
3039.5,50
3040.5,50
3041.5,50
3042.5,50
3043.5,50
3044.5,50
3045.5,50
3046.5,50
3047.5,50
3048.5,50
3049.5,50
3050.5,50
3051.5,50
3052.5,50
3053.5,50
3054.5,50
3055.5,50
3056.5,50
3057.5,50
3058.5,50
3059.5,50
3060.5,50
3061.5,50
3062.5,50
3063.5,50
3064.5,50
3065.5,50
3066.5,50
3067.5,50
3068.5,50
3069.5,50
3070.5,50
3071.5,50
3072.5,50
3073.5,50
3074.5,50
3075.5,50
3076.5,50
3077.5,50
3078.5,50
3079.5,50
3080.5,50
3081.5,50
3082.5,50
3083.5,50
3084.5,50
3085.5,50
3086.5,50
3087.5,50
3088.5,50
3089.5,50
3090.5,50
3091.5,50
3092.5,50
3093.5,50
3094.5,50
3095.5,50
3096.5,50
3097.5,50
3098.5,50
3099.5,50
3100.5,50
3101.5,50
3102.5,50
3103.5,50
3104.5,50
3105.5,50
3106.5,50
3107.5,50
3108.5,50
3109.5,50
3110.5,50
3111.5,50
3112.5,50
3113.5,50
3114.5,50
3115.5,50
3116.5,50
3117.5,50
3118.5,50
3119.5,50
3120.5,50
3121.5,50
3122.5,50
3123.5,50
3124.5,50
3125.5,50
3126.5,50
3127.5,50
3128.5,50
3129.5,50
3130.5,50
3131.5,50
3132.5,50
3133.5,50
3134.5,50
3135.5,50
3136.5,50
3137.5,50
3138.5,50
3139.5,50
3140.5,50
3141.5,50
3142.5,50
3143.5,50
3144.5,50
3145.5,50
3146.5,50
3147.5,50
3148.5,50
3149.5,50
3150.5,50
3151.5,50
3152.5,50
3153.5,50
3154.5,50
3155.5,50
3156.5,50
3157.5,50
3158.5,50
3159.5,50
3160.5,50
3161.5,50
3162.5,50
3163.5,50
3164.5,50
3165.5,50
3166.5,50
3167.5,50
3168.5,50
3169.5,50
3170.5,50
3171.5,50
3172.5,50
3173.5,50
3174.5,50
3175.5,50
3176.5,50
3177.5,50
3178.5,50
3179.5,50
3180.5,50
3181.5,50
3182.5,50
3183.5,50
3184.5,50
3185.5,50
3186.5,50
3187.5,50
3188.5,50
3189.5,50
3190.5,50
3191.5,50
3192.5,50
3193.5,50
3194.5,50
3195.5,50
3196.5,50
3197.5,50
3198.5,50
3199.5,50
3200.5,50
3201.5,50
3202.5,50
3203.5,50
3204.5,50
3205.5,50
3206.5,50
3207.5,50
3208.5,50
3209.5,50
3210.5,50
3211.5,50
3212.5,50
3213.5,50
3214.5,50
3215.5,50
3216.5,50
3217.5,50
3218.5,50
3219.5,50
3220.5,50
3221.5,50
3222.5,50
3223.5,50
3224.5,50
3225.5,50
3226.5,50
3227.5,50
3228.5,50
3229.5,50
3230.5,50
3231.5,50
3232.5,50
3233.5,50
3234.5,50
3235.5,50
3236.5,50
3237.5,50
3238.5,50
3239.5,50
3240.5,50
3241.5,50
3242.5,50
3243.5,50
3244.5,50
3245.5,50
3246.5,50
3247.5,50
3248.5,50
3249.5,50
3250.5,50
3251.5,50
3252.5,50
3253.5,50
3254.5,50
3255.5,50
3256.5,50
3257.5,50
3258.5,50
3259.5,50
3260.5,50
3261.5,50
3262.5,50
3263.5,50
3264.5,50
3265.5,50
3266.5,50
3267.5,50
3268.5,50
3269.5,50
3270.5,50
3271.5,50
3272.5,50
3273.5,50
3274.5,50
3275.5,50
3276.5,50
3277.5,50
3278.5,50
3279.5,50
3280.5,50
3281.5,50
3282.5,50
3283.5,50
3284.5,50
3285.5,50
3286.5,50
3287.5,50
3288.5,50
3289.5,50
3290.5,50
3291.5,50
3292.5,50
3293.5,50
3294.5,50
3295.5,50
3296.5,50
3297.5,50
3298.5,50
3299.5,50
3300.5,50
3301.5,50
3302.5,50
3303.5,50
3304.5,50
3305.5,50
3306.5,50
3307.5,50
3308.5,50
3309.5,50
3310.5,50
3311.5,50
3312.5,50
3313.5,50
3314.5,50
3315.5,50
3316.5,50
3317.5,50
3318.5,50
3319.5,50
3320.5,50
3321.5,50
3322.5,50
3323.5,50
3324.5,50
3325.5,50
3326.5,50
3327.5,50
3328.5,50
3329.5,50
3330.5,50
3331.5,50
3332.5,50
3333.5,50
3334.5,50
3335.5,50
3336.5,50
3337.5,50
3338.5,50
3339.5,50
3340.5,50
3341.5,50
3342.5,50
3343.5,50
3344.5,50
3345.5,50
3346.5,50
3347.5,50
3348.5,50
3349.5,50
3350.5,50
3351.5,50
3352.5,50
3353.5,50
3354.5,50
3355.5,50
3356.5,50
3357.5,50
3358.5,50
3359.5,50
3360.5,50
3361.5,50
3362.5,50
3363.5,50
3364.5,50
3365.5,50
3366.5,50
3367.5,50
3368.5,50
3369.5,50
3370.5,50
3371.5,50
3372.5,50
3373.5,50
3374.5,50
3375.5,50
3376.5,50
3377.5,50
3378.5,50
3379.5,50
3380.5,50
3381.5,50
3382.5,50
3383.5,50
3384.5,50
3385.5,50
3386.5,50
3387.5,50
3388.5,50
3389.5,50
3390.5,50
3391.5,50
3392.5,50
3393.5,50
3394.5,50
3395.5,50
3396.5,50
3397.5,50
3398.5,50
3399.5,50
3400.5,50
3401.5,50
3402.5,50
3403.5,50
3404.5,50
3405.5,50
3406.5,50
3407.5,50
3408.5,50
3409.5,50
3410.5,50
3411.5,50
3412.5,50
3413.5,50
3414.5,50
3415.5,50
3416.5,50
3417.5,50
3418.5,50
3419.5,50
3420.5,50
3421.5,50
3422.5,50
3423.5,50
3424.5,50
3425.5,50
3426.5,50
3427.5,50
3428.5,50
3429.5,50
3430.5,50
3431.5,50
3432.5,50
3433.5,50
3434.5,50
3435.5,50
3436.5,50
3437.5,50
3438.5,50
3439.5,50
3440.5,50
3441.5,50
3442.5,50
3443.5,50
3444.5,50
3445.5,50
3446.5,50
3447.5,50
3448.5,50
3449.5,50
3450.5,50
3451.5,50
3452.5,50
3453.5,50
3454.5,50
3455.5,50
3456.5,50
3457.5,50
3458.5,50
3459.5,50
3460.5,50
3461.5,50
3462.5,50
3463.5,50
3464.5,50
3465.5,50
3466.5,50
3467.5,50
3468.5,50
3469.5,50
3470.5,50
3471.5,50
3472.5,50
3473.5,50
3474.5,50
3475.5,50
3476.5,50
3477.5,50
3478.5,50
3479.5,50
3480.5,50
3481.5,50
3482.5,50
3483.5,50
3484.5,50
3485.5,50
3486.5,50
3487.5,50
3488.5,50
3489.5,50
3490.5,50
3491.5,50
3492.5,50
3493.5,50
3494.5,50
3495.5,50
3496.5,50
3497.5,50
3498.5,50
3499.5,50
3500.5,50
3501.5,50
3502.5,50
3503.5,50
3504.5,50
3505.5,50
3506.5,50
3507.5,50
3508.5,50
3509.5,50
3510.5,50
3511.5,50
3512.5,50
3513.5,50
3514.5,50
3515.5,50
3516.5,50
3517.5,50
3518.5,50
3519.5,50
3520.5,50
3521.5,50
3522.5,50
3523.5,50
3524.5,50
3525.5,50
3526.5,50
3527.5,50
3528.5,50
3529.5,50
3530.5,50
3531.5,50
3532.5,50
3533.5,50
3534.5,50
3535.5,50
3536.5,50
3537.5,50
3538.5,50
3539.5,50
3540.5,50
3541.5,50
3542.5,50
3543.5,50
3544.5,50
3545.5,50
3546.5,50
3547.5,50
3548.5,50
3549.5,50
3550.5,50
3551.5,50
3552.5,50
3553.5,50
3554.5,50
3555.5,50
3556.5,50
3557.5,50
3558.5,50
3559.5,50
3560.5,50
3561.5,50
3562.5,50
3563.5,50
3564.5,50
3565.5,50
3566.5,50
3567.5,50
3568.5,50
3569.5,50
3570.5,50
3571.5,50
3572.5,50
3573.5,50
3574.5,50
3575.5,50
3576.5,50
3577.5,50
3578.5,50
3579.5,50
3580.5,50
3581.5,50
3582.5,50
3583.5,50
3584.5,50
3585.5,50
3586.5,50
3587.5,50
3588.5,50
3589.5,50
3590.5,50
3591.5,50
3592.5,50
3593.5,50
3594.5,50
3595.5,50
3596.5,50
3597.5,50
3598.5,50
3599.5,50
3600.5,50
3601.5,50
3602.5,50
3603.5,50
3604.5,50
3605.5,50
3606.5,50
3607.5,50
3608.5,50
3609.5,50
3610.5,50
3611.5,50
3612.5,50
3613.5,50
3614.5,50
3615.5,50
3616.5,50
3617.5,50
3618.5,50
3619.5,50
3620.5,50
3621.5,50
3622.5,50
3623.5,50
3624.5,50
3625.5,50
3626.5,50
3627.5,50
3628.5,50
3629.5,50
3630.5,50
3631.5,50
3632.5,50
3633.5,50
3634.5,50
3635.5,50
3636.5,50
3637.5,50
3638.5,50
3639.5,50
3640.5,50
3641.5,50
3642.5,50
3643.5,50
3644.5,50
3645.5,50
3646.5,50
3647.5,50
3648.5,50
3649.5,50
3650.5,50
3651.5,50
3652.5,50
3653.5,50
3654.5,50
3655.5,50
3656.5,50
3657.5,50
3658.5,50
3659.5,50
3660.5,50
3661.5,50
3662.5,50
3663.5,50
3664.5,50
3665.5,50
3666.5,50
3667.5,50
3668.5,50
3669.5,50
3670.5,50
3671.5,50
3672.5,50
3673.5,50
3674.5,50
3675.5,50
3676.5,50
3677.5,50
3678.5,50
3679.5,50
3680.5,50
3681.5,50
3682.5,50
3683.5,50
3684.5,50
3685.5,50
3686.5,50
3687.5,50
3688.5,50
3689.5,50
3690.5,50
3691.5,50
3692.5,50
3693.5,50
3694.5,50
3695.5,50
3696.5,50
3697.5,50
3698.5,50
3699.5,50
3700.5,50
3701.5,50
3702.5,50
3703.5,50
3704.5,50
3705.5,50
3706.5,50
3707.5,50
3708.5,50
3709.5,50
3710.5,50
3711.5,50
3712.5,50
3713.5,50
3714.5,50
3715.5,50
3716.5,50
3717.5,50
3718.5,50
3719.5,50
3720.5,50
3721.5,50
3722.5,50
3723.5,50
3724.5,50
3725.5,50
3726.5,50
3727.5,50
3728.5,50
3729.5,50
3730.5,50
3731.5,50
3732.5,50
3733.5,50
3734.5,50
3735.5,50
3736.5,50
3737.5,50
3738.5,50
3739.5,50
3740.5,50
3741.5,50
3742.5,50
3743.5,50
3744.5,50
3745.5,50
3746.5,50
3747.5,50
3748.5,50
3749.5,50
3750.5,50
3751.5,50
3752.5,50
3753.5,50
3754.5,50
3755.5,50
3756.5,50
3757.5,50
3758.5,50
3759.5,50
3760.5,50
3761.5,50
3762.5,50
3763.5,50
3764.5,50
3765.5,50
3766.5,50
3767.5,50
3768.5,50
3769.5,50
3770.5,50
3771.5,50
3772.5,50
3773.5,50
3774.5,50
3775.5,50
3776.5,50
3777.5,50
3778.5,50
3779.5,50
3780.5,50
3781.5,50
3782.5,50
3783.5,50
3784.5,50
3785.5,50
3786.5,50
3787.5,50
3788.5,50
3789.5,50
3790.5,50
3791.5,50
3792.5,50
3793.5,50
3794.5,50
3795.5,50
3796.5,50
3797.5,50
3798.5,50
3799.5,50
3800.5,50
3801.5,50
3802.5,50
3803.5,50
3804.5,50
3805.5,50
3806.5,50
3807.5,50
3808.5,50
3809.5,50
3810.5,50
3811.5,50
3812.5,50
3813.5,50
3814.5,50
3815.5,50
3816.5,50
3817.5,50
3818.5,50
3819.5,50
3820.5,50
3821.5,50
3822.5,50
3823.5,50
3824.5,50
3825.5,50
3826.5,50
3827.5,50
3828.5,50
3829.5,50
3830.5,50
3831.5,50
3832.5,50
3833.5,50
3834.5,50
3835.5,50
3836.5,50
3837.5,50
3838.5,50
3839.5,50
3840.5,50
3841.5,50
3842.5,50
3843.5,50
3844.5,50
3845.5,50
3846.5,50
3847.5,50
3848.5,50
3849.5,50
3850.5,50
3851.5,50
3852.5,50
3853.5,50
3854.5,50
3855.5,50
3856.5,50
3857.5,50
3858.5,50
3859.5,50
3860.5,50
3861.5,50
3862.5,50
3863.5,50
3864.5,50
3865.5,50
3866.5,50
3867.5,50
3868.5,50
3869.5,50
3870.5,50
3871.5,50
3872.5,50
3873.5,50
3874.5,50
3875.5,50
3876.5,50
3877.5,50
3878.5,50
3879.5,50
3880.5,50
3881.5,50
3882.5,50
3883.5,50
3884.5,50
3885.5,50
3886.5,50
3887.5,50
3888.5,50
3889.5,50
3890.5,50
3891.5,50
3892.5,50
3893.5,50
3894.5,50
3895.5,50
3896.5,50
3897.5,50
3898.5,50
3899.5,50
3900.5,50
3901.5,50
3902.5,50
3903.5,50
3904.5,50
3905.5,50
3906.5,50
3907.5,50
3908.5,50
3909.5,50
3910.5,50
3911.5,50
3912.5,50
3913.5,50
3914.5,50
3915.5,50
3916.5,50
3917.5,50
3918.5,50
3919.5,50
3920.5,50
3921.5,50
3922.5,50
3923.5,50
3924.5,50
3925.5,50
3926.5,50
3927.5,50
3928.5,50
3929.5,50
3930.5,50
3931.5,50
3932.5,50
3933.5,50
3934.5,50
3935.5,50
3936.5,50
3937.5,50
3938.5,50
3939.5,50
3940.5,50
3941.5,50
3942.5,50
3943.5,50
3944.5,50
3945.5,50
3946.5,50
3947.5,50
3948.5,50
3949.5,50
3950.5,50
3951.5,50
3952.5,50
3953.5,50
3954.5,50
3955.5,50
3956.5,50
3957.5,50
3958.5,50
3959.5,50
3960.5,50
3961.5,50
3962.5,50
3963.5,50
3964.5,50
3965.5,50
3966.5,50
3967.5,50
3968.5,50
3969.5,50
3970.5,50
3971.5,50
3972.5,50
3973.5,50
3974.5,50
3975.5,50
3976.5,50
3977.5,50
3978.5,50
3979.5,50
3980.5,50
3981.5,50
3982.5,50
3983.5,50
3984.5,50
3985.5,50
3986.5,50
3987.5,50
3988.5,50
3989.5,50
3990.5,50
3991.5,50
3992.5,50
3993.5,50
3994.5,50
3995.5,50
3996.5,50
3997.5,50
3998.5,50
3999.5,50
4000.5,50
4001.5,50
4002.5,50
4003.5,50
4004.5,50
4005.5,50
4006.5,50
4007.5,50
4008.5,50
4009.5,50
4010.5,50
4011.5,50
4012.5,50
4013.5,50
4014.5,50
4015.5,50
4016.5,50
4017.5,50
4018.5,50
4019.5,50
4020.5,50
4021.5,50
4022.5,50
4023.5,50
4024.5,50
4025.5,50
4026.5,50
4027.5,50
4028.5,50
4029.5,50
4030.5,50
4031.5,50
4032.5,50
4033.5,50
4034.5,50
4035.5,50
4036.5,50
4037.5,50
4038.5,50
4039.5,50
4040.5,50
4041.5,50
4042.5,50
4043.5,50
4044.5,50
4045.5,50
4046.5,50
4047.5,50
4048.5,50
4049.5,50
4050.5,50
4051.5,50
4052.5,50
4053.5,50
4054.5,50
4055.5,50
4056.5,50
4057.5,50
4058.5,50
4059.5,50
4060.5,50
4061.5,50
4062.5,50
4063.5,50
4064.5,50
4065.5,50
4066.5,50
4067.5,50
4068.5,50
4069.5,50
4070.5,50
4071.5,50
4072.5,50
4073.5,50
4074.5,50
4075.5,50
4076.5,50
4077.5,50
4078.5,50
4079.5,50
4080.5,50
4081.5,50
4082.5,50
4083.5,50
4084.5,50
4085.5,50
4086.5,50
4087.5,50
4088.5,50
4089.5,50
4090.5,50
4091.5,50
4092.5,50
4093.5,50
4094.5,50
4095.5,50
4096.5,50
4097.5,50
4098.5,50
4099.5,50
4100.5,50
4101.5,50
4102.5,50
4103.5,50
4104.5,50
4105.5,50
4106.5,50
4107.5,50
4108.5,50
4109.5,50
4110.5,50
4111.5,50
4112.5,50
4113.5,50
4114.5,50
4115.5,50
4116.5,50
4117.5,50
4118.5,50
4119.5,50
4120.5,50
4121.5,50
4122.5,50
4123.5,50
4124.5,50
4125.5,50
4126.5,50
4127.5,50
4128.5,50
4129.5,50
4130.5,50
4131.5,50
4132.5,50
4133.5,50
4134.5,50
4135.5,50
4136.5,50
4137.5,50
4138.5,50
4139.5,50
4140.5,50
4141.5,50
4142.5,50
4143.5,50
4144.5,50
4145.5,50
4146.5,50
4147.5,50
4148.5,50
4149.5,50
4150.5,50
4151.5,50
4152.5,50
4153.5,50
4154.5,50
4155.5,50
4156.5,50
4157.5,50
4158.5,50
4159.5,50
4160.5,50
4161.5,50
4162.5,50
4163.5,50
4164.5,50
4165.5,50
4166.5,50
4167.5,50
4168.5,50
4169.5,50
4170.5,50
4171.5,50
4172.5,50
4173.5,50
4174.5,50
4175.5,50
4176.5,50
4177.5,50
4178.5,50
4179.5,50
4180.5,50
4181.5,50
4182.5,50
4183.5,50
4184.5,50
4185.5,50
4186.5,50
4187.5,50
4188.5,50
4189.5,50
4190.5,50
4191.5,50
4192.5,50
4193.5,50
4194.5,50
4195.5,50
4196.5,50
4197.5,50
4198.5,50
4199.5,50
4200.5,50
4201.5,50
4202.5,50
4203.5,50
4204.5,50
4205.5,50
4206.5,50
4207.5,50
4208.5,50
4209.5,50
4210.5,50
4211.5,50
4212.5,50
4213.5,50
4214.5,50
4215.5,50
4216.5,50
4217.5,50
4218.5,50
4219.5,50
4220.5,50
4221.5,50
4222.5,50
4223.5,50
4224.5,50
4225.5,50
4226.5,50
4227.5,50
4228.5,50
4229.5,50
4230.5,50
4231.5,50
4232.5,50
4233.5,50
4234.5,50
4235.5,50
4236.5,50
4237.5,50
4238.5,50
4239.5,50
4240.5,50
4241.5,50
4242.5,50
4243.5,50
4244.5,50
4245.5,50
4246.5,50
4247.5,50
4248.5,50
4249.5,50
4250.5,50
4251.5,50
4252.5,50
4253.5,50
4254.5,50
4255.5,50
4256.5,50
4257.5,50
4258.5,50
4259.5,50
4260.5,50
4261.5,50
4262.5,50
4263.5,50
4264.5,50
4265.5,50
4266.5,50
4267.5,50
4268.5,50
4269.5,50
4270.5,50
4271.5,50
4272.5,50
4273.5,50
4274.5,50
4275.5,50
4276.5,50
4277.5,50
4278.5,50
4279.5,50
4280.5,50
4281.5,50
4282.5,50
4283.5,50
4284.5,50
4285.5,50
4286.5,50
4287.5,50
4288.5,50
4289.5,50
4290.5,50
4291.5,50
4292.5,50
4293.5,50
4294.5,50
4295.5,50
4296.5,50
4297.5,50
4298.5,50
4299.5,50
4300.5,50
4301.5,50
4302.5,50
4303.5,50
4304.5,50
4305.5,50
4306.5,50
4307.5,50
4308.5,50
4309.5,50
4310.5,50
4311.5,50
4312.5,50
4313.5,50
4314.5,50
4315.5,50
4316.5,50
4317.5,50
4318.5,50
4319.5,50
4320.5,50
4321.5,50
4322.5,50
4323.5,50
4324.5,50
4325.5,50
4326.5,50
4327.5,50
4328.5,50
4329.5,50
4330.5,50
4331.5,50
4332.5,50
4333.5,50
4334.5,50
4335.5,50
4336.5,50
4337.5,50
4338.5,50
4339.5,50
4340.5,50
4341.5,50
4342.5,50
4343.5,50
4344.5,50
4345.5,50
4346.5,50
4347.5,50
4348.5,50
4349.5,50
4350.5,50
4351.5,50
4352.5,50
4353.5,50
4354.5,50
4355.5,50
4356.5,50
4357.5,50
4358.5,50
4359.5,50
4360.5,50
4361.5,50
4362.5,50
4363.5,50
4364.5,50
4365.5,50
4366.5,50
4367.5,50
4368.5,50
4369.5,50
4370.5,50
4371.5,50
4372.5,50
4373.5,50
4374.5,50
4375.5,50
4376.5,50
4377.5,50
4378.5,50
4379.5,50
4380.5,50
4381.5,50
4382.5,50
4383.5,50
4384.5,50
4385.5,50
4386.5,50
4387.5,50
4388.5,50
4389.5,50
4390.5,50
4391.5,50
4392.5,50
4393.5,50
4394.5,50
4395.5,50
4396.5,50
4397.5,50
4398.5,50
4399.5,50
4400.5,50
4401.5,50
4402.5,50
4403.5,50
4404.5,50
4405.5,50
4406.5,50
4407.5,50
4408.5,50
4409.5,50
4410.5,50
4411.5,50
4412.5,50
4413.5,50
4414.5,50
4415.5,50
4416.5,50
4417.5,50
4418.5,50
4419.5,50
4420.5,50
4421.5,50
4422.5,50
4423.5,50
4424.5,50
4425.5,50
4426.5,50
4427.5,50
4428.5,50
4429.5,50
4430.5,50
4431.5,50
4432.5,50
4433.5,50
4434.5,50
4435.5,50
4436.5,50
4437.5,50
4438.5,50
4439.5,50
4440.5,50
4441.5,50
4442.5,50
4443.5,50
4444.5,50
4445.5,50
4446.5,50
4447.5,50
4448.5,50
4449.5,50
4450.5,50
4451.5,50
4452.5,50
4453.5,50
4454.5,50
4455.5,50
4456.5,50
4457.5,50
4458.5,50
4459.5,50
4460.5,50
4461.5,50
4462.5,50
4463.5,50
4464.5,50
4465.5,50
4466.5,50
4467.5,50
4468.5,50
4469.5,50
4470.5,50
4471.5,50
4472.5,50
4473.5,50
4474.5,50
4475.5,50
4476.5,50
4477.5,50
4478.5,50
4479.5,50
4480.5,50
4481.5,50
4482.5,50
4483.5,50
4484.5,50
4485.5,50
4486.5,50
4487.5,50
4488.5,50
4489.5,50
4490.5,50
4491.5,50
4492.5,50
4493.5,50
4494.5,50
4495.5,50
4496.5,50
4497.5,50
4498.5,50
4499.5,50
4500.5,50
4501.5,50
4502.5,50
4503.5,50
4504.5,50
4505.5,50
4506.5,50
4507.5,50
4508.5,50
4509.5,50
4510.5,50
4511.5,50
4512.5,50
4513.5,50
4514.5,50
4515.5,50
4516.5,50
4517.5,50
4518.5,50
4519.5,50
4520.5,50
4521.5,50
4522.5,50
4523.5,50
4524.5,50
4525.5,50
4526.5,50
4527.5,50
4528.5,50
4529.5,50
4530.5,50
4531.5,50
4532.5,50
4533.5,50
4534.5,50
4535.5,50
4536.5,50
4537.5,50
4538.5,50
4539.5,50
4540.5,50
4541.5,50
4542.5,50
4543.5,50
4544.5,50
4545.5,50
4546.5,50
4547.5,50
4548.5,50
4549.5,50
4550.5,50
4551.5,50
4552.5,50
4553.5,50
4554.5,50
4555.5,50
4556.5,50
4557.5,50
4558.5,50
4559.5,50
4560.5,50
4561.5,50
4562.5,50
4563.5,50
4564.5,50
4565.5,50
4566.5,50
4567.5,50
4568.5,50
4569.5,50
4570.5,50
4571.5,50
4572.5,50
4573.5,50
4574.5,50
4575.5,50
4576.5,50
4577.5,50
4578.5,50
4579.5,50
4580.5,50
4581.5,50
4582.5,50
4583.5,50
4584.5,50
4585.5,50
4586.5,50
4587.5,50
4588.5,50
4589.5,50
4590.5,50
4591.5,50
4592.5,50
4593.5,50
4594.5,50
4595.5,50
4596.5,50
4597.5,50
4598.5,50
4599.5,50
4600.5,50
4601.5,50
4602.5,50
4603.5,50
4604.5,50
4605.5,50
4606.5,50
4607.5,50
4608.5,50
4609.5,50
4610.5,50
4611.5,50
4612.5,50
4613.5,50
4614.5,50
4615.5,50
4616.5,50
4617.5,50
4618.5,50
4619.5,50
4620.5,50
4621.5,50
4622.5,50
4623.5,50
4624.5,50
4625.5,50
4626.5,50
4627.5,50
4628.5,50
4629.5,50
4630.5,50
4631.5,50
4632.5,50
4633.5,50
4634.5,50
4635.5,50
4636.5,50
4637.5,50
4638.5,50
4639.5,50
4640.5,50
4641.5,50
4642.5,50
4643.5,50
4644.5,50
4645.5,50
4646.5,50
4647.5,50
4648.5,50
4649.5,50
4650.5,50
4651.5,50
4652.5,50
4653.5,50
4654.5,50
4655.5,50
4656.5,50
4657.5,50
4658.5,50
4659.5,50
4660.5,50
4661.5,50
4662.5,50
4663.5,50
4664.5,50
4665.5,50
4666.5,50
4667.5,50
4668.5,50
4669.5,50
4670.5,50
4671.5,50
4672.5,50
4673.5,50
4674.5,50
4675.5,50
4676.5,50
4677.5,50
4678.5,50
4679.5,50
4680.5,50
4681.5,50
4682.5,50
4683.5,50
4684.5,50
4685.5,50
4686.5,50
4687.5,50
4688.5,50
4689.5,50
4690.5,50
4691.5,50
4692.5,50
4693.5,50
4694.5,50
4695.5,50
4696.5,50
4697.5,50
4698.5,50
4699.5,50
4700.5,50
4701.5,50
4702.5,50
4703.5,50
4704.5,50
4705.5,50
4706.5,50
4707.5,50
4708.5,50
4709.5,50
4710.5,50
4711.5,50
4712.5,50
4713.5,50
4714.5,50
4715.5,50
4716.5,50
4717.5,50
4718.5,50
4719.5,50
4720.5,50
4721.5,50
4722.5,50
4723.5,50
4724.5,50
4725.5,50
4726.5,50
4727.5,50
4728.5,50
4729.5,50
4730.5,50
4731.5,50
4732.5,50
4733.5,50
4734.5,50
4735.5,50
4736.5,50
4737.5,50
4738.5,50
4739.5,50
4740.5,50
4741.5,50
4742.5,50
4743.5,50
4744.5,50
4745.5,50
4746.5,50
4747.5,50
4748.5,50
4749.5,50
4750.5,50
4751.5,50
4752.5,50
4753.5,50
4754.5,50
4755.5,50
4756.5,50
4757.5,50
4758.5,50
4759.5,50
4760.5,50
4761.5,50
4762.5,50
4763.5,50
4764.5,50
4765.5,50
4766.5,50
4767.5,50
4768.5,50
4769.5,50
4770.5,50
4771.5,50
4772.5,50
4773.5,50
4774.5,50
4775.5,50
4776.5,50
4777.5,50
4778.5,50
4779.5,50
4780.5,50
4781.5,50
4782.5,50
4783.5,50
4784.5,50
4785.5,50
4786.5,50
4787.5,50
4788.5,50
4789.5,50
4790.5,50
4791.5,50
4792.5,50
4793.5,50
4794.5,50
4795.5,50
4796.5,50
4797.5,50
4798.5,50
4799.5,50
4800.5,50
4801.5,50
4802.5,50
4803.5,50
4804.5,50
4805.5,50
4806.5,50
4807.5,50
4808.5,50
4809.5,50
4810.5,50
4811.5,50
4812.5,50
4813.5,50
4814.5,50
4815.5,50
4816.5,50
4817.5,50
4818.5,50
4819.5,50
4820.5,50
4821.5,50
4822.5,50
4823.5,50
4824.5,50
4825.5,50
4826.5,50
4827.5,50
4828.5,50
4829.5,50
4830.5,50
4831.5,50
4832.5,50
4833.5,50
4834.5,50
4835.5,50
4836.5,50
4837.5,50
4838.5,50
4839.5,50
4840.5,50
4841.5,50
4842.5,50
4843.5,50
4844.5,50
4845.5,50
4846.5,50
4847.5,50
4848.5,50
4849.5,50
4850.5,50
4851.5,50
4852.5,50
4853.5,50
4854.5,50
4855.5,50
4856.5,50
4857.5,50
4858.5,50
4859.5,50
4860.5,50
4861.5,50
4862.5,50
4863.5,50
4864.5,50
4865.5,50
4866.5,50
4867.5,50
4868.5,50
4869.5,50
4870.5,50
4871.5,50
4872.5,50
4873.5,50
4874.5,50
4875.5,50
4876.5,50
4877.5,50
4878.5,50
4879.5,50
4880.5,50
4881.5,50
4882.5,50
4883.5,50
4884.5,50
4885.5,50
4886.5,50
4887.5,50
4888.5,50
4889.5,50
4890.5,50
4891.5,50
4892.5,50
4893.5,50
4894.5,50
4895.5,50
4896.5,50
4897.5,50
4898.5,50
4899.5,50
4900.5,50
4901.5,50
4902.5,50
4903.5,50
4904.5,50
4905.5,50
4906.5,50
4907.5,50
4908.5,50
4909.5,50
4910.5,50
4911.5,50
4912.5,50
4913.5,50
4914.5,50
4915.5,50
4916.5,50
4917.5,50
4918.5,50
4919.5,50
4920.5,50
4921.5,50
4922.5,50
4923.5,50
4924.5,50
4925.5,50
4926.5,50
4927.5,50
4928.5,50
4929.5,50
4930.5,50
4931.5,50
4932.5,50
4933.5,50
4934.5,50
4935.5,50
4936.5,50
4937.5,50
4938.5,50
4939.5,50
4940.5,50
4941.5,50
4942.5,50
4943.5,50
4944.5,50
4945.5,50
4946.5,50
4947.5,50
4948.5,50
4949.5,50
4950.5,50
4951.5,50
4952.5,50
4953.5,50
4954.5,50
4955.5,50
4956.5,50
4957.5,50
4958.5,50
4959.5,50
4960.5,50
4961.5,50
4962.5,50
4963.5,50
4964.5,50
4965.5,50
4966.5,50
4967.5,50
4968.5,50
4969.5,50
4970.5,50
4971.5,50
4972.5,50
4973.5,50
4974.5,50
4975.5,50
4976.5,50
4977.5,50
4978.5,50
4979.5,50
4980.5,50
4981.5,50
4982.5,50
4983.5,50
4984.5,50
4985.5,50
4986.5,50
4987.5,50
4988.5,50
4989.5,50
4990.5,50
4991.5,50
4992.5,50
4993.5,50
4994.5,50
4995.5,50
4996.5,50
4997.5,50
4998.5,50
4999.5,50
5000.5,50
5001.5,50
5002.5,50
5003.5,50
5004.5,50
5005.5,50
5006.5,50
5007.5,50
5008.5,50
5009.5,50
5010.5,50
5011.5,50
5012.5,50
5013.5,50
5014.5,50
5015.5,50
5016.5,50
5017.5,50
5018.5,50
5019.5,50
5020.5,50
5021.5,50
5022.5,50
5023.5,50
5024.5,50
5025.5,50
5026.5,50
5027.5,50
5028.5,50
5029.5,50
5030.5,50
5031.5,50
5032.5,50
5033.5,50
5034.5,50
5035.5,50
5036.5,50
5037.5,50
5038.5,50
5039.5,50
5040.5,50
5041.5,50
5042.5,50
5043.5,50
5044.5,50
5045.5,50
5046.5,50
5047.5,50
5048.5,50
5049.5,50
5050.5,50
5051.5,50
5052.5,50
5053.5,50
5054.5,50
5055.5,50
5056.5,50
5057.5,50
5058.5,50
5059.5,50
5060.5,50
5061.5,50
5062.5,50
5063.5,50
5064.5,50
5065.5,50
5066.5,50
5067.5,50
5068.5,50
5069.5,50
5070.5,50
5071.5,50
5072.5,50
5073.5,50
5074.5,50
5075.5,50
5076.5,50
5077.5,50
5078.5,50
5079.5,50
5080.5,50
5081.5,50
5082.5,50
5083.5,50
5084.5,50
5085.5,50
5086.5,50
5087.5,50
5088.5,50
5089.5,50
5090.5,50
5091.5,50
5092.5,50
5093.5,50
5094.5,50
5095.5,50
5096.5,50
5097.5,50
5098.5,50
5099.5,50
5100.5,50
5101.5,50
5102.5,50
5103.5,50
5104.5,50
5105.5,50
5106.5,50
5107.5,50
5108.5,50
5109.5,50
5110.5,50
5111.5,50
5112.5,50
5113.5,50
5114.5,50
5115.5,50
5116.5,50
5117.5,50
5118.5,50
5119.5,50
5120.5,50
5121.5,50
5122.5,50
5123.5,50
5124.5,50
5125.5,50
5126.5,50
5127.5,50
5128.5,50
5129.5,50
5130.5,50
5131.5,50
5132.5,50
5133.5,50
5134.5,50
5135.5,50
5136.5,50
5137.5,50
5138.5,50
5139.5,50
5140.5,50
5141.5,50
5142.5,50
5143.5,50
5144.5,50
5145.5,50
5146.5,50
5147.5,50
5148.5,50
5149.5,50
5150.5,50
5151.5,50
5152.5,50
5153.5,50
5154.5,50
5155.5,50
5156.5,50
5157.5,50
5158.5,50
5159.5,50
5160.5,50
5161.5,50
5162.5,50
5163.5,50
5164.5,50
5165.5,50
5166.5,50
5167.5,50
5168.5,50
5169.5,50
5170.5,50
5171.5,50
5172.5,50
5173.5,50
5174.5,50
5175.5,50
5176.5,50
5177.5,50
5178.5,50
5179.5,50
5180.5,50
5181.5,50
5182.5,50
5183.5,50
5184.5,50
5185.5,50
5186.5,50
5187.5,50
5188.5,50
5189.5,50
5190.5,50
5191.5,50
5192.5,50
5193.5,50
5194.5,50
5195.5,50
5196.5,50
5197.5,50
5198.5,50
5199.5,50
5200.5,50
5201.5,50
5202.5,50
5203.5,50
5204.5,50
5205.5,50
5206.5,50
5207.5,50
5208.5,50
5209.5,50
5210.5,50
5211.5,50
5212.5,50
5213.5,50
5214.5,50
5215.5,50
5216.5,50
5217.5,50
5218.5,50
5219.5,50
5220.5,50
5221.5,50
5222.5,50
5223.5,50
5224.5,50
5225.5,50
5226.5,50
5227.5,50
5228.5,50
5229.5,50
5230.5,50
5231.5,50
5232.5,50
5233.5,50
5234.5,50
5235.5,50
5236.5,50
5237.5,50
5238.5,50
5239.5,50
5240.5,50
5241.5,50
5242.5,50
5243.5,50
5244.5,50
5245.5,50
5246.5,50
5247.5,50
5248.5,50
5249.5,50
5250.5,50
5251.5,50
5252.5,50
5253.5,50
5254.5,50
5255.5,50
5256.5,50
5257.5,50
5258.5,50
5259.5,50
5260.5,50
5261.5,50
5262.5,50
5263.5,50
5264.5,50
5265.5,50
5266.5,50
5267.5,50
5268.5,50
5269.5,50
5270.5,50
5271.5,50
5272.5,50
5273.5,50
5274.5,50
5275.5,50
5276.5,50
5277.5,50
5278.5,50
5279.5,50
5280.5,50
5281.5,50
5282.5,50
5283.5,50
5284.5,50
5285.5,50
5286.5,50
5287.5,50
5288.5,50
5289.5,50
5290.5,50
5291.5,50
5292.5,50
5293.5,50
5294.5,50
5295.5,50
5296.5,50
5297.5,50
5298.5,50
5299.5,50
5300.5,50
5301.5,50
5302.5,50
5303.5,50
5304.5,50
5305.5,50
5306.5,50
5307.5,50
5308.5,50
5309.5,50
5310.5,50
5311.5,50
5312.5,50
5313.5,50
5314.5,50
5315.5,50
5316.5,50
5317.5,50
5318.5,50
5319.5,50
5320.5,50
5321.5,50
5322.5,50
5323.5,50
5324.5,50
5325.5,50
5326.5,50
5327.5,50
5328.5,50
5329.5,50
5330.5,50
5331.5,50
5332.5,50
5333.5,50
5334.5,50
5335.5,50
5336.5,50
5337.5,50
5338.5,50
5339.5,50
5340.5,50
5341.5,50
5342.5,50
5343.5,50
5344.5,50
5345.5,50
5346.5,50
5347.5,50
5348.5,50
5349.5,50
5350.5,50
5351.5,50
5352.5,50
5353.5,50
5354.5,50
5355.5,50
5356.5,50
5357.5,50
5358.5,50
5359.5,50
5360.5,50
5361.5,50
5362.5,50
5363.5,50
5364.5,50
5365.5,50
5366.5,50
5367.5,50
5368.5,50
5369.5,50
5370.5,50
5371.5,50
5372.5,50
5373.5,50
5374.5,50
5375.5,50
5376.5,50
5377.5,50
5378.5,50
5379.5,50
5380.5,50
5381.5,50
5382.5,50
5383.5,50
5384.5,50
5385.5,50
5386.5,50
5387.5,50
5388.5,50
5389.5,50
5390.5,50
5391.5,50
5392.5,50
5393.5,50
5394.5,50
5395.5,50
5396.5,50
5397.5,50
5398.5,50
5399.5,50
5400.5,50
5401.5,50
5402.5,50
5403.5,50
5404.5,50
5405.5,50
5406.5,50
5407.5,50
5408.5,50
5409.5,50
5410.5,50
5411.5,50
5412.5,50
5413.5,50
5414.5,50
5415.5,50
5416.5,50
5417.5,50
5418.5,50
5419.5,50
5420.5,50
5421.5,50
5422.5,50
5423.5,50
5424.5,50
5425.5,50
5426.5,50
5427.5,50
5428.5,50
5429.5,50
5430.5,50
5431.5,50
5432.5,50
5433.5,50
5434.5,50
5435.5,50
5436.5,50
5437.5,50
5438.5,50
5439.5,50
5440.5,50
5441.5,50
5442.5,50
5443.5,50
5444.5,50
5445.5,50
5446.5,50
5447.5,50
5448.5,50
5449.5,50
5450.5,50
5451.5,50
5452.5,50
5453.5,50
5454.5,50
5455.5,50
5456.5,50
5457.5,50
5458.5,50
5459.5,50
5460.5,50
5461.5,50
5462.5,50
5463.5,50
5464.5,50
5465.5,50
5466.5,50
5467.5,50
5468.5,50
5469.5,50
5470.5,50
5471.5,50
5472.5,50
5473.5,50
5474.5,50
5475.5,50
5476.5,50
5477.5,50
5478.5,50
5479.5,50
5480.5,50
5481.5,50
5482.5,50
5483.5,50
5484.5,50
5485.5,50
5486.5,50
5487.5,50
5488.5,50
5489.5,50
5490.5,50
5491.5,50
5492.5,50
5493.5,50
5494.5,50
5495.5,50
5496.5,50
5497.5,50
5498.5,50
5499.5,50
5500.5,50
5501.5,50
5502.5,50
5503.5,50
5504.5,50
5505.5,50
5506.5,50
5507.5,50
5508.5,50
5509.5,50
5510.5,50
5511.5,50
5512.5,50
5513.5,50
5514.5,50
5515.5,50
5516.5,50
5517.5,50
5518.5,50
5519.5,50
5520.5,50
5521.5,50
5522.5,50
5523.5,50
5524.5,50
5525.5,50
5526.5,50
5527.5,50
5528.5,50
5529.5,50
5530.5,50
5531.5,50
5532.5,50
5533.5,50
5534.5,50
5535.5,50
5536.5,50
5537.5,50
5538.5,50
5539.5,50
5540.5,50
5541.5,50
5542.5,50
5543.5,50
5544.5,50
5545.5,50
5546.5,50
5547.5,50
5548.5,50
5549.5,50
5550.5,50
5551.5,50
5552.5,50
5553.5,50
5554.5,50
5555.5,50
5556.5,50
5557.5,50
5558.5,50
5559.5,50
5560.5,50
5561.5,50
5562.5,50
5563.5,50
5564.5,50
5565.5,50
5566.5,50
5567.5,50
5568.5,50
5569.5,50
5570.5,50
5571.5,50
5572.5,50
5573.5,50
5574.5,50
5575.5,50
5576.5,50
5577.5,50
5578.5,50
5579.5,50
5580.5,50
5581.5,50
5582.5,50
5583.5,50
5584.5,50
5585.5,50
5586.5,50
5587.5,50
5588.5,50
5589.5,50
5590.5,50
5591.5,50
5592.5,50
5593.5,50
5594.5,50
5595.5,50
5596.5,50
5597.5,50
5598.5,50
5599.5,50
5600.5,50
5601.5,50
5602.5,50
5603.5,50
5604.5,50
5605.5,50
5606.5,50
5607.5,50
5608.5,50
5609.5,50
5610.5,50
5611.5,50
5612.5,50
5613.5,50
5614.5,50
5615.5,50
5616.5,50
5617.5,50
5618.5,50
5619.5,50
5620.5,50
5621.5,50
5622.5,50
5623.5,50
5624.5,50
5625.5,50
5626.5,50
5627.5,50
5628.5,50
5629.5,50
5630.5,50
5631.5,50
5632.5,50
5633.5,50
5634.5,50
5635.5,50
5636.5,50
5637.5,50
5638.5,50
5639.5,50
5640.5,50
5641.5,50
5642.5,50
5643.5,50
5644.5,50
5645.5,50
5646.5,50
5647.5,50
5648.5,50
5649.5,50
5650.5,50
5651.5,50
5652.5,50
5653.5,50
5654.5,50
5655.5,50
5656.5,50
5657.5,50
5658.5,50
5659.5,50
5660.5,50
5661.5,50
5662.5,50
5663.5,50
5664.5,50
5665.5,50
5666.5,50
5667.5,50
5668.5,50
5669.5,50
5670.5,50
5671.5,50
5672.5,50
5673.5,50
5674.5,50
5675.5,50
5676.5,50
5677.5,50
5678.5,50
5679.5,50
5680.5,50
5681.5,50
5682.5,50
5683.5,50
5684.5,50
5685.5,50
5686.5,50
5687.5,50
5688.5,50
5689.5,50
5690.5,50
5691.5,50
5692.5,50
5693.5,50
5694.5,50
5695.5,50
5696.5,50
5697.5,50
5698.5,50
5699.5,50
5700.5,50
5701.5,50
5702.5,50
5703.5,50
5704.5,50
5705.5,50
5706.5,50
5707.5,50
5708.5,50
5709.5,50
5710.5,50
5711.5,50
5712.5,50
5713.5,50
5714.5,50
5715.5,50
5716.5,50
5717.5,50
5718.5,50
5719.5,50
5720.5,50
5721.5,50
5722.5,50
5723.5,50
5724.5,50
5725.5,50
5726.5,50
5727.5,50
5728.5,50
5729.5,50
5730.5,50
5731.5,50
5732.5,50
5733.5,50
5734.5,50
5735.5,50
5736.5,50
5737.5,50
5738.5,50
5739.5,50
5740.5,50
5741.5,50
5742.5,50
5743.5,50
5744.5,50
5745.5,50
5746.5,50
5747.5,50
5748.5,50
5749.5,50
5750.5,50
5751.5,50
5752.5,50
5753.5,50
5754.5,50
5755.5,50
5756.5,50
5757.5,50
5758.5,50
5759.5,50
5760.5,50
5761.5,50
5762.5,50
5763.5,50
5764.5,50
5765.5,50
5766.5,50
5767.5,50
5768.5,50
5769.5,50
5770.5,50
5771.5,50
5772.5,50
5773.5,50
5774.5,50
5775.5,50
5776.5,50
5777.5,50
5778.5,50
5779.5,50
5780.5,50
5781.5,50
5782.5,50
5783.5,50
5784.5,50
5785.5,50
5786.5,50
5787.5,50
5788.5,50
5789.5,50
5790.5,50
5791.5,50
5792.5,50
5793.5,50
5794.5,50
5795.5,50
5796.5,50
5797.5,50
5798.5,50
5799.5,50
5800.5,50
5801.5,50
5802.5,50
5803.5,50
5804.5,50
5805.5,50
5806.5,50
5807.5,50
5808.5,50
5809.5,50
5810.5,50
5811.5,50
5812.5,50
5813.5,50
5814.5,50
5815.5,50
5816.5,50
5817.5,50
5818.5,50
5819.5,50
5820.5,50
5821.5,50
5822.5,50
5823.5,50
5824.5,50
5825.5,50
5826.5,50
5827.5,50
5828.5,50
5829.5,50
5830.5,50
5831.5,50
5832.5,50
5833.5,50
5834.5,50
5835.5,50
5836.5,50
5837.5,50
5838.5,50
5839.5,50
5840.5,50
5841.5,50
5842.5,50
5843.5,50
5844.5,50
5845.5,50
5846.5,50
5847.5,50
5848.5,50
5849.5,50
5850.5,50
5851.5,50
5852.5,50
5853.5,50
5854.5,50
5855.5,50
5856.5,50
5857.5,50
5858.5,50
5859.5,50
5860.5,50
5861.5,50
5862.5,50
5863.5,50
5864.5,50
5865.5,50
5866.5,50
5867.5,50
5868.5,50
5869.5,50
5870.5,50
5871.5,50
5872.5,50
5873.5,50
5874.5,50
5875.5,50
5876.5,50
5877.5,50
5878.5,50
5879.5,50
5880.5,50
5881.5,50
5882.5,50
5883.5,50
5884.5,50
5885.5,50
5886.5,50
5887.5,50
5888.5,50
5889.5,50
5890.5,50
5891.5,50
5892.5,50
5893.5,50
5894.5,50
5895.5,50
5896.5,50
5897.5,50
5898.5,50
5899.5,50
5900.5,50
5901.5,50
5902.5,50
5903.5,50
5904.5,50
5905.5,50
5906.5,50
5907.5,50
5908.5,50
5909.5,50
5910.5,50
5911.5,50
5912.5,50
5913.5,50
5914.5,50
5915.5,50
5916.5,50
5917.5,50
5918.5,50
5919.5,50
5920.5,50
5921.5,50
5922.5,50
5923.5,50
5924.5,50
5925.5,50
5926.5,50
5927.5,50
5928.5,50
5929.5,50
5930.5,50
5931.5,50
5932.5,50
5933.5,50
5934.5,50
5935.5,50
5936.5,50
5937.5,50
5938.5,50
5939.5,50
5940.5,50
5941.5,50
5942.5,50
5943.5,50
5944.5,50
5945.5,50
5946.5,50
5947.5,50
5948.5,50
5949.5,50
5950.5,50
5951.5,50
5952.5,50
5953.5,50
5954.5,50
5955.5,50
5956.5,50
5957.5,50
5958.5,50
5959.5,50
5960.5,50
5961.5,50
5962.5,50
5963.5,50
5964.5,50
5965.5,50
5966.5,50
5967.5,50
5968.5,50
5969.5,50
5970.5,50
5971.5,50
5972.5,50
5973.5,50
5974.5,50
5975.5,50
5976.5,50
5977.5,50
5978.5,50
5979.5,50
5980.5,50
5981.5,50
5982.5,50
5983.5,50
5984.5,50
5985.5,50
5986.5,50
5987.5,50
5988.5,50
5989.5,50
5990.5,50
5991.5,50
5992.5,50
5993.5,50
5994.5,50
5995.5,50
5996.5,50
5997.5,50
5998.5,50
5999.5,50
6000.5,50
6001.5,50
6002.5,50
6003.5,50
6004.5,50
6005.5,50
6006.5,50
6007.5,50
6008.5,50
6009.5,50
6010.5,50
6011.5,50
6012.5,50
6013.5,50
6014.5,50
6015.5,50
6016.5,50
6017.5,50
6018.5,50
6019.5,50
6020.5,50
6021.5,50
6022.5,50
6023.5,50
6024.5,50
6025.5,50
6026.5,50
6027.5,50
6028.5,50
6029.5,50
6030.5,50
6031.5,50
6032.5,50
6033.5,50
6034.5,50
6035.5,50
6036.5,50
6037.5,50
6038.5,50
6039.5,50
6040.5,50
6041.5,50
6042.5,50
6043.5,50
6044.5,50
6045.5,50
6046.5,50
6047.5,50
6048.5,50
6049.5,50
6050.5,50
6051.5,50
6052.5,50
6053.5,50
6054.5,50
6055.5,50
6056.5,50
6057.5,50
6058.5,50
6059.5,50
6060.5,50
6061.5,50
6062.5,50
6063.5,50
6064.5,50
6065.5,50
6066.5,50
6067.5,50
6068.5,50
6069.5,50
6070.5,50
6071.5,50
6072.5,50
6073.5,50
6074.5,50
6075.5,50
6076.5,50
6077.5,50
6078.5,50
6079.5,50
6080.5,50
6081.5,50
6082.5,50
6083.5,50
6084.5,50
6085.5,50
6086.5,50
6087.5,50
6088.5,50
6089.5,50
6090.5,50
6091.5,50
6092.5,50
6093.5,50
6094.5,50
6095.5,50
6096.5,50
6097.5,50
6098.5,50
6099.5,50
6100.5,50
6101.5,50
6102.5,50
6103.5,50
6104.5,50
6105.5,50
6106.5,50
6107.5,50
6108.5,50
6109.5,50
6110.5,50
6111.5,50
6112.5,50
6113.5,50
6114.5,50
6115.5,50
6116.5,50
6117.5,50
6118.5,50
6119.5,50
6120.5,50
6121.5,50
6122.5,50
6123.5,50
6124.5,50
6125.5,50
6126.5,50
6127.5,50
6128.5,50
6129.5,50
6130.5,50
6131.5,50
6132.5,50
6133.5,50
6134.5,50
6135.5,50
6136.5,50
6137.5,50
6138.5,50
6139.5,50
6140.5,50
6141.5,50
6142.5,50
6143.5,50
6144.5,50
6145.5,50
6146.5,50
6147.5,50
6148.5,50
6149.5,50
6150.5,50
6151.5,50
6152.5,50
6153.5,50
6154.5,50
6155.5,50
6156.5,50
6157.5,50
6158.5,50
6159.5,50
6160.5,50
6161.5,50
6162.5,50
6163.5,50
6164.5,50
6165.5,50
6166.5,50
6167.5,50
6168.5,50
6169.5,50
6170.5,50
6171.5,50
6172.5,50
6173.5,50
6174.5,50
6175.5,50
6176.5,50
6177.5,50
6178.5,50
6179.5,50
6180.5,50
6181.5,50
6182.5,50
6183.5,50
6184.5,50
6185.5,50
6186.5,50
6187.5,50
6188.5,50
6189.5,50
6190.5,50
6191.5,50
6192.5,50
6193.5,50
6194.5,50
6195.5,50
6196.5,50
6197.5,50
6198.5,50
6199.5,50
6200.5,50
6201.5,50
6202.5,50
6203.5,50
6204.5,50
6205.5,50
6206.5,50
6207.5,50
6208.5,50
6209.5,50
6210.5,50
6211.5,50
6212.5,50
6213.5,50
6214.5,50
6215.5,50
6216.5,50
6217.5,50
6218.5,50
6219.5,50
6220.5,50
6221.5,50
6222.5,50
6223.5,50
6224.5,50
6225.5,50
6226.5,50
6227.5,50
6228.5,50
6229.5,50
6230.5,50
6231.5,50
6232.5,50
6233.5,50
6234.5,50
6235.5,50
6236.5,50
6237.5,50
6238.5,50
6239.5,50
6240.5,50
6241.5,50
6242.5,50
6243.5,50
6244.5,50
6245.5,50
6246.5,50
6247.5,50
6248.5,50
6249.5,50
6250.5,50
6251.5,50
6252.5,50
6253.5,50
6254.5,50
6255.5,50
6256.5,50
6257.5,50
6258.5,50
6259.5,50
6260.5,50
6261.5,50
6262.5,50
6263.5,50
6264.5,50
6265.5,50
6266.5,50
6267.5,50
6268.5,50
6269.5,50
6270.5,50
6271.5,50
6272.5,50
6273.5,50
6274.5,50
6275.5,50
6276.5,50
6277.5,50
6278.5,50
6279.5,50
6280.5,50
6281.5,50
6282.5,50
6283.5,50
6284.5,50
6285.5,50
6286.5,50
6287.5,50
6288.5,50
6289.5,50
6290.5,50
6291.5,50
6292.5,50
6293.5,50
6294.5,50
6295.5,50
6296.5,50
6297.5,50
6298.5,50
6299.5,50
6300.5,50
6301.5,50
6302.5,50
6303.5,50
6304.5,50
6305.5,50
6306.5,50
6307.5,50
6308.5,50
6309.5,50
6310.5,50
6311.5,50
6312.5,50
6313.5,50
6314.5,50
6315.5,50
6316.5,50
6317.5,50
6318.5,50
6319.5,50
6320.5,50
6321.5,50
6322.5,50
6323.5,50
6324.5,50
6325.5,50
6326.5,50
6327.5,50
6328.5,50
6329.5,50
6330.5,50
6331.5,50
6332.5,50
6333.5,50
6334.5,50
6335.5,50
6336.5,50
6337.5,50
6338.5,50
6339.5,50
6340.5,50
6341.5,50
6342.5,50
6343.5,50
6344.5,50
6345.5,50
6346.5,50
6347.5,50
6348.5,50
6349.5,50
6350.5,50
6351.5,50
6352.5,50
6353.5,50
6354.5,50
6355.5,50
6356.5,50
6357.5,50
6358.5,50
6359.5,50
6360.5,50
6361.5,50
6362.5,50
6363.5,50
6364.5,50
6365.5,50
6366.5,50
6367.5,50
6368.5,50
6369.5,50
6370.5,50
6371.5,50
6372.5,50
6373.5,50
6374.5,50
6375.5,50
6376.5,50
6377.5,50
6378.5,50
6379.5,50
6380.5,50
6381.5,50
6382.5,50
6383.5,50
6384.5,50
6385.5,50
6386.5,50
6387.5,50
6388.5,50
6389.5,50
6390.5,50
6391.5,50
6392.5,50
6393.5,50
6394.5,50
6395.5,50
6396.5,50
6397.5,50
6398.5,50
6399.5,50
6400.5,50
6401.5,50
6402.5,50
6403.5,50
6404.5,50
6405.5,50
6406.5,50
6407.5,50
6408.5,50
6409.5,50
6410.5,50
6411.5,50
6412.5,50
6413.5,50
6414.5,50
6415.5,50
6416.5,50
6417.5,50
6418.5,50
6419.5,50
6420.5,50
6421.5,50
6422.5,50
6423.5,50
6424.5,50
6425.5,50
6426.5,50
6427.5,50
6428.5,50
6429.5,50
6430.5,50
6431.5,50
6432.5,50
6433.5,50
6434.5,50
6435.5,50
6436.5,50
6437.5,50
6438.5,50
6439.5,50
6440.5,50
6441.5,50
6442.5,50
6443.5,50
6444.5,50
6445.5,50
6446.5,50
6447.5,50
6448.5,50
6449.5,50
6450.5,50
6451.5,50
6452.5,50
6453.5,50
6454.5,50
6455.5,50
6456.5,50
6457.5,50
6458.5,50
6459.5,50
6460.5,50
6461.5,50
6462.5,50
6463.5,50
6464.5,50
6465.5,50
6466.5,50
6467.5,50
6468.5,50
6469.5,50
6470.5,50
6471.5,50
6472.5,50
6473.5,50
6474.5,50
6475.5,50
6476.5,50
6477.5,50
6478.5,50
6479.5,50
6480.5,50
6481.5,50
6482.5,50
6483.5,50
6484.5,50
6485.5,50
6486.5,50
6487.5,50
6488.5,50
6489.5,50
6490.5,50
6491.5,50
6492.5,50
6493.5,50
6494.5,50
6495.5,50
6496.5,50
6497.5,50
6498.5,50
6499.5,50
6500.5,50
6501.5,50
6502.5,50
6503.5,50
6504.5,50
6505.5,50
6506.5,50
6507.5,50
6508.5,50
6509.5,50
6510.5,50
6511.5,50
6512.5,50
6513.5,50
6514.5,50
6515.5,50
6516.5,50
6517.5,50
6518.5,50
6519.5,50
6520.5,50
6521.5,50
6522.5,50
6523.5,50
6524.5,50
6525.5,50
6526.5,50
6527.5,50
6528.5,50
6529.5,50
6530.5,50
6531.5,50
6532.5,50
6533.5,50
6534.5,50
6535.5,50
6536.5,50
6537.5,50
6538.5,50
6539.5,50
6540.5,50
6541.5,50
6542.5,50
6543.5,50
6544.5,50
6545.5,50
6546.5,50
6547.5,50
6548.5,50
6549.5,50
6550.5,50
6551.5,50
6552.5,50
6553.5,50
6554.5,50
6555.5,50
6556.5,50
6557.5,50
6558.5,50
6559.5,50
6560.5,50
6561.5,50
6562.5,50
6563.5,50
6564.5,50
6565.5,50
6566.5,50
6567.5,50
6568.5,50
6569.5,50
6570.5,50
6571.5,50
6572.5,50
6573.5,50
6574.5,50
6575.5,50
6576.5,50
6577.5,50
6578.5,50
6579.5,50
6580.5,50
6581.5,50
6582.5,50
6583.5,50
6584.5,50
6585.5,50
6586.5,50
6587.5,50
6588.5,50
6589.5,50
6590.5,50
6591.5,50
6592.5,50
6593.5,50
6594.5,50
6595.5,50
6596.5,50
6597.5,50
6598.5,50
6599.5,50
6600.5,50
6601.5,50
6602.5,50
6603.5,50
6604.5,50
6605.5,50
6606.5,50
6607.5,50
6608.5,50
6609.5,50
6610.5,50
6611.5,50
6612.5,50
6613.5,50
6614.5,50
6615.5,50
6616.5,50
6617.5,50
6618.5,50
6619.5,50
6620.5,50
6621.5,50
6622.5,50
6623.5,50
6624.5,50
6625.5,50
6626.5,50
6627.5,50
6628.5,50
6629.5,50
6630.5,50
6631.5,50
6632.5,50
6633.5,50
6634.5,50
6635.5,50
6636.5,50
6637.5,50
6638.5,50
6639.5,50
6640.5,50
6641.5,50
6642.5,50
6643.5,50
6644.5,50
6645.5,50
6646.5,50
6647.5,50
6648.5,50
6649.5,50
6650.5,50
6651.5,50
6652.5,50
6653.5,50
6654.5,50
6655.5,50
6656.5,50
6657.5,50
6658.5,50
6659.5,50
6660.5,50
6661.5,50
6662.5,50
6663.5,50
6664.5,50
6665.5,50
6666.5,50
6667.5,50
6668.5,50
6669.5,50
6670.5,50
6671.5,50
6672.5,50
6673.5,50
6674.5,50
6675.5,50
6676.5,50
6677.5,50
6678.5,50
6679.5,50
6680.5,50
6681.5,50
6682.5,50
6683.5,50
6684.5,50
6685.5,50
6686.5,50
6687.5,50
6688.5,50
6689.5,50
6690.5,50
6691.5,50
6692.5,50
6693.5,50
6694.5,50
6695.5,50
6696.5,50
6697.5,50
6698.5,50
6699.5,50
6700.5,50
6701.5,50
6702.5,50
6703.5,50
6704.5,50
6705.5,50
6706.5,50
6707.5,50
6708.5,50
6709.5,50
6710.5,50
6711.5,50
6712.5,50
6713.5,50
6714.5,50
6715.5,50
6716.5,50
6717.5,50
6718.5,50
6719.5,50
6720.5,50
6721.5,50
6722.5,50
6723.5,50
6724.5,50
6725.5,50
6726.5,50
6727.5,50
6728.5,50
6729.5,50
6730.5,50
6731.5,50
6732.5,50
6733.5,50
6734.5,50
6735.5,50
6736.5,50
6737.5,50
6738.5,50
6739.5,50
6740.5,50
6741.5,50
6742.5,50
6743.5,50
6744.5,50
6745.5,50
6746.5,50
6747.5,50
6748.5,50
6749.5,50
6750.5,50
6751.5,50
6752.5,50
6753.5,50
6754.5,50
6755.5,50
6756.5,50
6757.5,50
6758.5,50
6759.5,50
6760.5,50
6761.5,50
6762.5,50
6763.5,50
6764.5,50
6765.5,50
6766.5,50
6767.5,50
6768.5,50
6769.5,50
6770.5,50
6771.5,50
6772.5,50
6773.5,50
6774.5,50
6775.5,50
6776.5,50
6777.5,50
6778.5,50
6779.5,50
6780.5,50
6781.5,50
6782.5,50
6783.5,50
6784.5,50
6785.5,50
6786.5,50
6787.5,50
6788.5,50
6789.5,50
6790.5,50
6791.5,50
6792.5,50
6793.5,50
6794.5,50
6795.5,50
6796.5,50
6797.5,50
6798.5,50
6799.5,50
6800.5,50
6801.5,50
6802.5,50
6803.5,50
6804.5,50
6805.5,50
6806.5,50
6807.5,50
6808.5,50
6809.5,50
6810.5,50
6811.5,50
6812.5,50
6813.5,50
6814.5,50
6815.5,50
6816.5,50
6817.5,50
6818.5,50
6819.5,50
6820.5,50
6821.5,50
6822.5,50
6823.5,50
6824.5,50
6825.5,50
6826.5,50
6827.5,50
6828.5,50
6829.5,50
6830.5,50
6831.5,50
6832.5,50
6833.5,50
6834.5,50
6835.5,50
6836.5,50
6837.5,50
6838.5,50
6839.5,50
6840.5,50
6841.5,50
6842.5,50
6843.5,50
6844.5,50
6845.5,50
6846.5,50
6847.5,50
6848.5,50
6849.5,50
6850.5,50
6851.5,50
6852.5,50
6853.5,50
6854.5,50
6855.5,50
6856.5,50
6857.5,50
6858.5,50
6859.5,50
6860.5,50
6861.5,50
6862.5,50
6863.5,50
6864.5,50
6865.5,50
6866.5,50
6867.5,50
6868.5,50
6869.5,50
6870.5,50
6871.5,50
6872.5,50
6873.5,50
6874.5,50
6875.5,50
6876.5,50
6877.5,50
6878.5,50
6879.5,50
6880.5,50
6881.5,50
6882.5,50
6883.5,50
6884.5,50
6885.5,50
6886.5,50
6887.5,50
6888.5,50
6889.5,50
6890.5,50
6891.5,50
6892.5,50
6893.5,50
6894.5,50
6895.5,50
6896.5,50
6897.5,50
6898.5,50
6899.5,50
6900.5,50
6901.5,50
6902.5,50
6903.5,50
6904.5,50
6905.5,50
6906.5,50
6907.5,50
6908.5,50
6909.5,50
6910.5,50
6911.5,50
6912.5,50
6913.5,50
6914.5,50
6915.5,50
6916.5,50
6917.5,50
6918.5,50
6919.5,50
6920.5,50
6921.5,50
6922.5,50
6923.5,50
6924.5,50
6925.5,50
6926.5,50
6927.5,50
6928.5,50
6929.5,50
6930.5,50
6931.5,50
6932.5,50
6933.5,50
6934.5,50
6935.5,50
6936.5,50
6937.5,50
6938.5,50
6939.5,50
6940.5,50
6941.5,50
6942.5,50
6943.5,50
6944.5,50
6945.5,50
6946.5,50
6947.5,50
6948.5,50
6949.5,50
6950.5,50
6951.5,50
6952.5,50
6953.5,50
6954.5,50
6955.5,50
6956.5,50
6957.5,50
6958.5,50
6959.5,50
6960.5,50
6961.5,50
6962.5,50
6963.5,50
6964.5,50
6965.5,50
6966.5,50
6967.5,50
6968.5,50
6969.5,50
6970.5,50
6971.5,50
6972.5,50
6973.5,50
6974.5,50
6975.5,50
6976.5,50
6977.5,50
6978.5,50
6979.5,50
6980.5,50
6981.5,50
6982.5,50
6983.5,50
6984.5,50
6985.5,50
6986.5,50
6987.5,50
6988.5,50
6989.5,50
6990.5,50
6991.5,50
6992.5,50
6993.5,50
6994.5,50
6995.5,50
6996.5,50
6997.5,50
6998.5,50
6999.5,50
7000.5,50
7001.5,50
7002.5,50
7003.5,50
7004.5,50
7005.5,50
7006.5,50
7007.5,50
7008.5,50
7009.5,50
7010.5,50
7011.5,50
7012.5,50
7013.5,50
7014.5,50
7015.5,50
7016.5,50
7017.5,50
7018.5,50
7019.5,50
7020.5,50
7021.5,50
7022.5,50
7023.5,50
7024.5,50
7025.5,50
7026.5,50
7027.5,50
7028.5,50
7029.5,50
7030.5,50
7031.5,50
7032.5,50
7033.5,50
7034.5,50
7035.5,50
7036.5,50
7037.5,50
7038.5,50
7039.5,50
7040.5,50
7041.5,50
7042.5,50
7043.5,50
7044.5,50
7045.5,50
7046.5,50
7047.5,50
7048.5,50
7049.5,50
7050.5,50
7051.5,50
7052.5,50
7053.5,50
7054.5,50
7055.5,50
7056.5,50
7057.5,50
7058.5,50
7059.5,50
7060.5,50
7061.5,50
7062.5,50
7063.5,50
7064.5,50
7065.5,50
7066.5,50
7067.5,50
7068.5,50
7069.5,50
7070.5,50
7071.5,50
7072.5,50
7073.5,50
7074.5,50
7075.5,50
7076.5,50
7077.5,50
7078.5,50
7079.5,50
7080.5,50
7081.5,50
7082.5,50
7083.5,50
7084.5,50
7085.5,50
7086.5,50
7087.5,50
7088.5,50
7089.5,50
7090.5,50
7091.5,50
7092.5,50
7093.5,50
7094.5,50
7095.5,50
7096.5,50
7097.5,50
7098.5,50
7099.5,50
7100.5,50
7101.5,50
7102.5,50
7103.5,50
7104.5,50
7105.5,50
7106.5,50
7107.5,50
7108.5,50
7109.5,50
7110.5,50
7111.5,50
7112.5,50
7113.5,50
7114.5,50
7115.5,50
7116.5,50
7117.5,50
7118.5,50
7119.5,50
7120.5,50
7121.5,50
7122.5,50
7123.5,50
7124.5,50
7125.5,50
7126.5,50
7127.5,50
7128.5,50
7129.5,50
7130.5,50
7131.5,50
7132.5,50
7133.5,50
7134.5,50
7135.5,50
7136.5,50
7137.5,50
7138.5,50
7139.5,50
7140.5,50
7141.5,50
7142.5,50
7143.5,50
7144.5,50
7145.5,50
7146.5,50
7147.5,50
7148.5,50
7149.5,50
7150.5,50
7151.5,50
7152.5,50
7153.5,50
7154.5,50
7155.5,50
7156.5,50
7157.5,50
7158.5,50
7159.5,50
7160.5,50
7161.5,50
7162.5,50
7163.5,50
7164.5,50
7165.5,50
7166.5,50
7167.5,50
7168.5,50
7169.5,50
7170.5,50
7171.5,50
7172.5,50
7173.5,50
7174.5,50
7175.5,50
7176.5,50
7177.5,50
7178.5,50
7179.5,50
7180.5,50
7181.5,50
7182.5,50
7183.5,50
7184.5,50
7185.5,50
7186.5,50
7187.5,50
7188.5,50
7189.5,50
7190.5,50
7191.5,50
7192.5,50
7193.5,50
7194.5,50
7195.5,50
7196.5,50
7197.5,50
7198.5,50
7199.5,50
7200.5,50
7201.5,50
7202.5,50
7203.5,50
7204.5,50
7205.5,50
7206.5,50
7207.5,50
7208.5,50
7209.5,50
7210.5,50
7211.5,50
7212.5,50
7213.5,50
7214.5,50
7215.5,50
7216.5,50
7217.5,50
7218.5,50
7219.5,50
7220.5,50
7221.5,50
7222.5,50
7223.5,50
7224.5,50
7225.5,50
7226.5,50
7227.5,50
7228.5,50
7229.5,50
7230.5,50
7231.5,50
7232.5,50
7233.5,50
7234.5,50
7235.5,50
7236.5,50
7237.5,50
7238.5,50
7239.5,50
7240.5,50
7241.5,50
7242.5,50
7243.5,50
7244.5,50
7245.5,50
7246.5,50
7247.5,50
7248.5,50
7249.5,50
7250.5,50
7251.5,50
7252.5,50
7253.5,50
7254.5,50
7255.5,50
7256.5,50
7257.5,50
7258.5,50
7259.5,50
7260.5,50
7261.5,50
7262.5,50
7263.5,50
7264.5,50
7265.5,50
7266.5,50
7267.5,50
7268.5,50
7269.5,50
7270.5,50
7271.5,50
7272.5,50
7273.5,50
7274.5,50
7275.5,50
